time,flow_1,flow_2,flow_3,flow_4,flow_5,flow_6,train or test
2020-01-12,1430.1,518.1,1602.6,1064.7,142.5,2032.2,train
2020-01-13,1925.7,727.9,1601.2,1096.3,141.9,2000.4,train
2020-01-14,1469.2,512.2,1596.6,1108.3,142.7,1979.2,train
2020-01-15,992.5,307.7,976.5,680.8,90.4,1154.5,train
2020-01-16,1447.0,514.2,1532.4,1057.9,153.4,1853.7,train
2020-01-17,1515.6,527.4,1578.9,1092.2,181.7,1957.1,train
2020-01-18,1414.9,487.4,1434.0,1056.2,152.3,1780.2,train
2020-01-19,1417.4,481.7,1399.9,1013.3,123.0,1908.2,train
2020-01-20,1484.7,496.9,1371.5,1012.5,116.0,1807.4,train
2020-01-21,1396.3,458.8,1341.0,1038.4,111.3,1659.5,train
2020-01-22,1454.2,479.4,1379.8,1047.9,114.9,1638.5,train
2020-01-23,1467.5,497.1,1375.7,1036.1,108.6,1771.3,train
2020-01-24,1236.3,377.6,1090.1,785.8,83.1,1342.1,train
2020-01-25,1209.9,366.0,1030.4,726.8,77.6,1159.1,train
2020-01-26,1297.9,402.0,1133.5,866.1,91.4,1362.9,train
2020-01-27,1294.8,419.6,1178.8,910.8,90.3,1443.1,train
2020-01-28,1335.4,431.4,1245.6,948.4,96.3,1544.9,train
2020-01-29,1401.5,449.5,1292.3,920.2,103.7,1637.8,train
2020-01-30,1368.3,453.5,1296.6,931.0,105.5,1741.2,train
2020-01-31,1390.1,461.5,1323.7,953.9,106.7,1888.7,train
2020-02-01,1489.8,459.0,1384.8,954.0,111.1,1800.3,train
2020-02-02,1389.0,471.4,1326.2,951.4,113.1,1707.4,train
2020-02-03,1389.3,451.1,1297.1,935.3,110.8,1630.0,train
2020-02-04,1401.3,449.4,1307.1,930.3,109.3,1622.0,train
2020-02-05,1432.0,467.3,1323.3,975.8,110.9,1647.5,train
2020-02-06,1531.2,474.4,1334.9,972.9,111.3,1646.0,train
2020-02-07,1509.8,480.8,1353.1,991.8,115.9,1698.7,train
2020-02-08,1549.6,480.0,1339.3,981.6,112.5,1693.8,train
2020-02-09,1526.0,478.6,1337.6,992.0,119.2,1774.5,train
2020-02-10,1478.5,459.5,1310.2,977.3,114.7,1643.0,train
2020-02-11,1561.0,485.0,1342.2,984.9,121.0,1684.0,train
2020-02-12,1466.8,457.7,1314.3,973.9,116.7,1626.3,train
2020-02-13,1567.5,468.8,1344.1,970.9,118.3,1655.2,train
2020-02-14,1524.2,484.3,1366.5,1007.0,126.0,1710.3,train
2020-02-15,1581.5,475.2,1347.9,991.0,120.7,1658.2,train
2020-02-16,1491.4,473.5,1337.5,980.2,115.5,1623.9,train
2020-02-17,1567.3,483.8,1394.9,1009.5,123.4,1701.1,train
2020-02-18,1501.1,489.8,1313.7,994.7,123.2,1712.1,train
2020-02-19,1640.5,540.4,1316.9,985.1,123.8,1724.0,train
2020-02-20,1425.5,444.2,1412.7,1011.0,125.9,1961.2,train
2020-02-21,1602.4,519.1,1429.3,1054.3,133.0,1863.2,train
2020-02-22,1574.8,518.2,1440.6,1041.0,134.5,1803.5,train
2020-02-23,1576.6,503.8,1437.6,1030.7,131.8,1769.9,train
2020-02-24,1566.5,501.0,1316.7,1030.1,126.1,1762.7,train
2020-02-25,1588.6,523.3,1474.0,1048.7,133.4,1822.6,train
2020-02-26,1587.9,498.8,1426.8,1024.9,125.6,2118.7,train
2020-02-27,1776.5,582.2,1426.2,1018.8,126.3,2036.2,train
2020-02-28,1439.8,470.0,1490.9,1069.5,139.2,1865.9,train
2020-02-29,1648.2,561.9,1504.1,1092.0,159.5,1918.6,train
2020-03-01,2015.9,682.1,2005.2,1436.3,195.2,2517.4,train
2020-03-02,1549.0,488.5,1425.1,993.5,123.6,1739.5,train
2020-03-03,1463.8,477.4,1386.1,988.8,121.6,1667.5,train
2020-03-04,1570.2,483.4,1402.0,973.6,119.8,1704.1,train
2020-03-05,1471.3,489.5,1440.4,1006.6,124.8,1774.2,train
2020-03-06,1615.6,523.1,1520.4,1092.8,139.8,1873.6,train
2020-03-07,1568.2,525.7,1536.2,1097.8,144.5,1928.6,train
2020-03-08,1528.6,477.3,1468.7,1024.6,131.2,1790.5,train
2020-03-09,1027.9,286.3,871.5,594.4,74.7,1191.3,train
2020-03-10,2128.5,680.9,2019.2,1448.1,188.3,2531.7,train
2020-03-11,1114.7,269.1,887.8,600.1,86.5,1050.4,train
2020-03-12,1743.1,501.5,1510.2,1052.3,131.2,1838.9,train
2020-03-13,1567.4,510.3,1563.4,1101.3,141.1,1986.8,train
2020-03-14,1952.6,496.9,1544.6,1087.0,141.6,1880.2,train
2020-03-15,2231.2,707.0,2073.3,1486.9,208.1,2702.8,train
2020-03-16,1539.8,486.2,1452.7,1012.9,143.8,1932.5,train
2020-03-17,1386.7,472.6,1441.8,1001.8,142.3,1754.0,train
2020-03-18,1613.2,483.0,1436.7,987.5,139.7,1850.0,train
2020-03-19,1530.8,490.7,1435.8,996.7,145.1,1746.2,train
2020-03-20,1733.6,515.7,1578.9,1098.8,161.5,1909.8,train
2020-03-21,1715.0,563.1,1670.8,1175.6,163.6,2057.8,train
2020-03-22,1959.0,530.8,1559.4,1119.7,166.2,1953.5,train
2020-03-23,1575.6,500.7,1506.4,1056.1,138.7,1814.4,train
2020-03-24,1825.9,506.8,1509.3,1056.3,133.2,1938.4,train
2020-03-25,1701.9,494.6,1478.1,1027.7,127.2,1806.4,train
2020-03-26,1744.8,498.1,1482.9,1032.3,129.5,1831.4,train
2020-03-27,1729.2,480.5,1493.8,1059.5,134.9,1825.3,train
2020-03-28,1771.6,512.4,1571.4,1108.8,145.2,1936.3,train
2020-03-29,1648.7,475.8,1434.9,1014.8,126.9,1764.7,train
2020-03-30,1684.0,481.9,1428.4,791.1,125.4,1735.2,train
2020-03-31,1590.7,486.5,1439.5,1301.3,122.2,1779.4,train
2020-04-01,1160.1,491.5,1441.6,1250.8,122.6,1839.9,train
2020-04-02,1139.0,458.4,1340.2,945.2,122.0,1960.5,train
2020-04-03,1171.1,482.7,1409.9,1006.8,134.9,1842.3,train
2020-04-04,1135.9,456.8,1345.4,994.9,123.9,1747.8,train
2020-04-05,1176.3,492.0,1398.2,1018.8,132.9,1803.6,train
2020-04-06,1184.6,499.1,1405.5,1031.7,129.9,1833.5,train
2020-04-07,1175.8,500.7,1419.2,1033.1,128.0,1911.8,train
2020-04-08,1217.7,542.8,1443.2,1052.5,133.7,1974.7,train
2020-04-09,1206.4,497.5,1433.0,1029.6,134.6,1987.7,train
2020-04-10,1206.2,515.7,1477.2,1073.7,140.5,1919.5,train
2020-04-11,1250.0,554.2,1524.0,1135.9,288.8,1967.1,train
2020-04-12,1221.1,522.7,1473.1,1059.6,134.8,1891.2,train
2020-04-13,1185.6,502.9,1451.9,1035.8,132.7,1823.1,train
2020-04-14,1233.4,525.9,1502.6,1068.0,136.0,1861.9,train
2020-04-15,1190.4,519.2,1515.6,1053.1,131.5,1903.0,train
2020-04-16,1206.2,537.5,1290.2,830.5,106.0,1940.1,train
2020-04-17,1271.0,536.0,1804.5,1343.4,198.0,1987.0,train
2020-04-18,1282.2,578.6,1679.3,1193.4,161.5,2099.4,train
2020-04-19,1265.7,531.0,1568.5,1112.3,155.4,2268.3,train
2020-04-20,1272.3,529.4,1557.3,1131.4,141.6,1960.9,train
2020-04-21,1180.2,481.5,1422.7,1025.4,129.4,1801.7,train
2020-04-22,1128.2,482.0,1415.2,990.1,126.5,1746.1,train
2020-04-23,1173.2,479.4,1396.8,993.5,145.1,1726.1,train
2020-04-24,1247.1,521.4,1530.0,1100.7,146.0,1921.2,train
2020-04-25,1259.1,521.9,1559.9,1137.7,149.9,1950.2,train
2020-04-26,1127.2,524.6,1593.2,1091.2,140.6,2216.8,train
2020-04-27,1066.8,504.8,1538.0,1078.4,142.0,2139.5,train
2020-04-28,1107.3,518.0,1541.4,1080.1,137.7,1921.2,train
2020-04-29,1163.0,489.8,1493.3,1068.7,133.9,1911.5,train
2020-04-30,1191.9,530.9,1572.6,1139.8,152.3,1970.1,train
2020-05-01,1215.3,504.1,1530.0,1080.9,146.2,1941.4,train
2020-05-02,1225.9,512.1,1589.7,1084.5,144.3,1987.6,train
2020-05-03,1270.2,529.3,1682.6,1125.5,149.2,2054.0,train
2020-05-04,1244.9,553.6,1777.1,1193.1,160.2,2107.2,train
2020-05-05,1285.8,535.1,1695.2,1125.7,200.3,2002.7,train
2020-05-06,1088.6,545.7,1659.0,1129.5,141.6,2109.8,train
2020-05-07,1270.7,519.3,1595.5,1107.1,144.1,2165.7,train
2020-05-08,953.0,519.9,1599.7,1079.1,139.1,1911.7,train
2020-05-09,1125.0,578.9,1717.4,1193.5,158.0,2161.3,train
2020-05-10,1092.4,523.1,1606.0,1120.1,98.1,1939.7,train
2020-05-11,1014.6,503.4,1543.6,1072.7,187.1,1859.4,train
2020-05-12,1063.9,500.9,1577.2,1066.2,148.8,1958.5,train
2020-05-13,1069.8,503.9,1570.7,1066.3,142.1,1866.9,train
2020-05-14,939.3,525.2,1580.5,1070.8,143.4,1945.1,train
2020-05-15,1058.2,554.4,1876.9,1166.8,169.7,2064.9,train
2020-05-16,1074.5,566.8,1766.6,1194.4,199.7,2082.0,train
2020-05-17,972.5,490.3,1583.7,1037.7,143.3,1615.1,train
2020-05-18,1025.6,507.0,1549.2,1055.8,142.5,2270.6,train
2020-05-19,994.6,498.0,1530.6,1064.6,143.2,2148.8,train
2020-05-20,995.3,507.3,1540.5,1055.1,145.1,2138.3,train
2020-05-21,1020.5,495.6,1527.0,1022.9,135.0,1836.7,train
2020-05-22,1035.4,531.8,1625.7,1121.4,153.7,2001.7,train
2020-05-23,1095.9,550.1,1727.2,1156.4,159.2,2121.9,train
2020-05-24,1055.8,502.6,1598.3,1049.3,147.2,1939.2,train
2020-05-25,1020.4,511.3,1555.2,1057.6,146.6,1939.8,train
2020-05-26,1030.0,502.4,1545.6,1032.9,142.9,1913.6,train
2020-05-27,966.1,506.4,1581.7,1032.9,146.7,1875.7,train
2020-05-28,1042.0,505.4,1578.0,1042.7,146.9,1910.4,train
2020-05-29,1368.1,517.9,1605.5,1056.0,153.7,1902.8,train
2020-05-30,1320.1,558.3,1702.3,1127.9,166.4,2728.2,train
2020-05-31,1150.0,511.4,1565.3,1053.3,143.8,2085.1,train
2020-06-01,979.3,515.3,1601.8,1050.2,144.9,1972.9,train
2020-06-02,1086.5,505.1,1598.9,1100.1,139.9,1984.8,train
2020-06-03,1092.8,514.1,1616.5,1021.8,144.8,2010.4,train
2020-06-04,1070.3,507.2,1589.2,1056.9,143.8,1980.8,train
2020-06-05,1012.5,531.1,1616.7,1073.3,153.2,1926.4,train
2020-06-06,1015.5,547.7,1652.0,1105.6,156.0,2003.6,train
2020-06-07,1008.2,494.5,1541.5,1055.7,138.5,1896.9,train
2020-06-08,1088.2,503.0,1556.8,1054.7,141.8,1917.3,train
2020-06-09,1163.4,510.6,1603.0,1105.1,155.4,1989.5,train
2020-06-10,1176.4,510.1,1578.9,1090.2,147.4,1939.1,train
2020-06-11,1031.1,504.3,1576.2,1101.7,136.2,2114.9,train
2020-06-12,1111.5,538.5,1675.2,1136.6,152.2,2004.7,train
2020-06-13,1097.0,536.7,1634.7,1129.4,148.1,2054.6,train
2020-06-14,1102.6,502.6,1569.9,1153.8,138.5,1984.9,train
2020-06-15,1034.4,504.5,1513.6,1586.5,136.2,1968.1,train
2020-06-16,1131.9,514.3,1588.0,1084.5,139.4,1940.4,train
2020-06-17,1203.8,502.5,1634.2,1085.9,136.3,1949.5,train
2020-06-18,1127.4,547.0,1632.2,1056.1,133.1,1932.8,train
2020-06-19,1212.0,552.8,1709.2,1154.9,152.4,2057.5,train
2020-06-20,1187.6,571.6,1766.6,1171.3,163.6,2319.0,train
2020-06-21,1148.8,518.3,1706.3,1110.2,139.8,2097.7,train
2020-06-22,1410.6,525.1,1565.6,1072.4,139.1,2039.7,train
2020-06-23,1111.4,519.6,1675.2,1120.9,181.3,1964.4,train
2020-06-24,1166.4,545.7,1679.5,1141.2,160.1,2043.5,train
2020-06-25,1129.9,513.3,1621.9,1059.6,154.7,1987.5,train
2020-06-26,1209.7,552.6,1786.1,1171.1,152.2,2111.0,train
2020-06-27,1082.4,516.4,1620.4,1099.6,137.7,2132.6,train
2020-06-28,1118.9,514.1,1667.6,1074.7,134.7,2333.7,train
2020-06-29,1029.4,509.8,1670.2,1080.9,135.0,2027.5,train
2020-06-30,1408.6,512.0,1490.9,1071.0,137.5,1959.8,train
2020-07-01,1225.6,501.2,1633.3,1084.6,134.0,1947.4,train
2020-07-02,1122.2,516.5,1606.5,1085.8,132.7,1929.7,train
2020-07-03,1130.5,551.5,1708.2,1166.0,149.2,2028.2,train
2020-07-04,1215.8,592.5,1738.8,1201.2,154.7,2101.9,train
2020-07-05,1194.8,545.4,1639.1,1113.8,141.1,2126.4,train
2020-07-06,1106.4,519.5,1630.1,1089.1,143.8,2146.8,train
2020-07-07,1452.9,533.4,1618.6,1090.3,171.1,2061.8,train
2020-07-08,1139.3,535.3,1636.5,1091.4,138.1,2038.3,train
2020-07-09,1095.3,523.6,1588.0,1077.7,134.3,2073.6,train
2020-07-10,1125.2,547.4,1703.2,1157.6,146.3,2032.0,train
2020-07-11,1192.8,562.0,1730.3,1176.1,150.4,2065.2,train
2020-07-12,1140.0,517.7,1656.0,1078.3,136.0,2068.2,train
2020-07-13,1162.2,519.0,1680.0,1098.3,140.0,1994.8,train
2020-07-14,1337.0,516.3,1684.7,1102.7,139.5,2253.8,train
2020-07-15,1067.6,522.7,1673.8,1096.2,134.6,1985.0,train
2020-07-16,1123.5,316.8,1654.2,1127.8,131.9,2002.0,train
2020-07-17,1161.1,750.4,1694.0,1158.3,149.7,2014.5,train
2020-07-18,1192.0,548.7,1771.5,1167.4,156.6,2085.0,train
2020-07-19,758.7,522.1,1649.6,1096.5,166.9,2091.6,train
2020-07-20,1607.8,516.7,1599.5,1100.6,154.2,1929.1,train
2020-07-21,1167.1,478.1,1595.7,1060.7,133.4,2130.7,train
2020-07-22,1141.2,547.8,1611.7,1053.0,134.5,2015.4,train
2020-07-23,1094.1,494.6,1601.2,1162.7,152.9,2056.7,train
2020-07-24,1127.6,507.6,1654.4,1113.0,144.5,2005.8,train
2020-07-25,1233.0,549.5,1650.7,1133.8,156.9,2065.6,train
2020-07-26,1203.9,570.3,1696.6,1106.3,142.3,1890.8,train
2020-07-27,1131.1,528.0,1619.2,1017.7,150.2,1885.5,train
2020-07-28,1124.2,518.1,1592.7,1035.7,139.7,1899.3,train
2020-07-29,1078.8,529.0,1607.0,1010.3,144.2,1770.3,train
2020-07-30,1028.8,510.8,1542.0,978.2,132.0,1566.0,train
2020-07-31,1072.6,540.4,1579.4,1043.0,134.5,1620.3,train
2020-08-01,1129.1,551.8,1642.9,1058.3,159.8,1686.2,train
2020-08-02,1071.9,504.4,1570.0,976.4,139.0,1588.7,train
2020-08-03,1096.5,498.3,1571.3,993.5,135.2,1597.3,train
2020-08-04,1027.9,490.7,1509.2,956.6,132.7,1519.5,train
2020-08-05,1052.2,485.3,1575.2,999.1,139.1,1557.8,train
2020-08-06,1191.1,485.2,1541.2,992.3,134.6,1544.5,train
2020-08-07,1119.3,504.4,1559.8,1042.1,144.4,1630.8,train
2020-08-08,1106.1,513.2,1621.6,1075.5,151.0,1752.1,train
2020-08-09,1151.9,513.9,1602.0,1004.2,143.6,1907.7,train
2020-08-10,1162.9,483.2,1558.7,993.7,167.3,1593.6,train
2020-08-11,1019.4,471.1,1489.3,972.4,128.9,1577.5,train
2020-08-12,1083.8,496.0,1525.9,976.6,131.0,1745.2,train
2020-08-13,1122.4,486.1,1526.2,994.8,133.9,1845.2,train
2020-08-14,1096.4,518.4,1583.3,1055.7,147.4,1899.0,train
2020-08-15,1108.5,536.1,1616.9,1065.1,156.1,1973.8,train
2020-08-16,1246.6,514.8,1577.2,1040.3,138.8,1867.9,train
2020-08-17,1082.8,524.4,1546.4,1039.2,150.7,1834.6,train
2020-08-18,1093.8,503.4,1490.7,1026.7,140.8,1788.3,train
2020-08-19,1110.9,520.2,1545.3,1053.2,143.4,1831.2,train
2020-08-20,1122.0,500.9,1563.6,1036.8,139.3,1854.9,train
2020-08-21,1163.3,536.6,1629.8,1101.3,156.6,1956.7,train
2020-08-22,1213.6,556.1,1698.5,1133.5,161.0,2061.9,train
2020-08-23,1321.7,547.4,1674.3,1101.0,164.0,1966.3,train
2020-08-24,1138.7,530.6,1599.6,1083.4,149.1,1942.2,train
2020-08-25,1191.3,517.5,1611.0,1085.0,152.3,2057.8,train
2020-08-26,1127.9,501.3,1591.1,1076.0,168.4,2001.9,train
2020-08-27,1179.0,338.0,1599.4,1064.2,182.0,1926.1,train
2020-08-28,1157.1,679.4,1675.5,1128.9,162.2,2065.7,train
2020-08-29,1213.8,532.1,1689.4,1148.9,163.6,2039.8,train
2020-08-30,1147.6,550.9,1635.8,1053.6,180.6,1984.5,train
2020-08-31,1138.6,544.4,1637.1,1072.4,149.7,1979.7,train
2020-09-01,1207.1,509.1,1624.3,1047.0,143.6,1981.2,train
2020-09-02,1081.9,507.8,1572.0,1068.4,166.4,1959.5,train
2020-09-03,1160.6,504.3,1556.3,1043.3,143.9,1930.9,train
2020-09-04,1159.0,537.2,1589.7,1227.4,157.8,1985.9,train
2020-09-05,1164.6,551.6,1678.2,1179.8,168.2,2100.5,train
2020-09-06,1134.7,520.6,1556.6,1044.8,145.5,1903.7,train
2020-09-07,1063.0,500.1,1598.0,1024.4,134.8,1861.4,train
2020-09-08,1094.7,514.9,1554.9,1070.1,140.9,1921.1,train
2020-09-09,1066.2,496.2,1525.7,1048.9,141.8,1872.9,train
2020-09-10,1123.1,536.3,1554.8,1019.9,133.7,1893.0,train
2020-09-11,1000.0,560.2,1824.0,1086.9,152.2,1953.8,train
2020-09-12,1286.7,274.4,1672.6,1135.5,156.1,2041.0,train
2020-09-13,1135.0,794.4,1566.5,1063.0,181.7,1961.5,train
2020-09-14,1138.8,504.4,1530.9,1049.2,138.4,1895.9,train
2020-09-15,1077.2,517.7,1566.3,1079.2,142.9,1928.0,train
2020-09-16,1077.2,484.2,1514.7,1021.6,140.3,1878.9,train
2020-09-17,1159.5,492.5,1535.3,1045.6,135.7,1865.8,train
2020-09-18,1123.5,519.6,1600.3,1092.2,162.6,1998.2,train
2020-09-19,1135.1,547.4,1653.1,1104.8,171.1,2111.9,train
2020-09-20,1079.3,503.7,1603.4,1046.7,149.3,1949.4,train
2020-09-21,1080.1,487.4,1565.1,1084.8,142.1,1924.3,train
2020-09-22,1087.6,501.2,1586.1,1065.0,135.8,1918.6,train
2020-09-23,1069.0,470.0,1506.6,1029.8,140.8,1780.5,train
2020-09-24,1118.5,503.7,1554.8,1037.3,138.3,2015.7,train
2020-09-25,1181.0,542.1,1639.3,1082.9,160.0,2022.8,train
2020-09-26,1105.0,511.4,1585.1,1047.2,140.4,1943.1,train
2020-09-27,1100.3,487.7,1520.9,1027.7,140.7,1888.1,train
2020-09-28,1087.6,483.2,1510.7,1017.1,193.4,1907.6,train
2020-09-29,1135.6,480.9,1512.4,1055.0,138.1,1941.9,train
2020-09-30,1339.5,472.1,1501.8,1037.7,135.0,1814.0,train
2020-10-01,1126.2,428.2,1368.8,913.6,120.0,1664.9,train
2020-10-02,897.6,398.9,1283.6,841.6,106.3,1520.3,train
2020-10-03,892.4,397.1,1275.3,821.1,105.2,1559.1,train
2020-10-04,912.2,417.4,1291.3,826.9,119.0,1526.4,train
2020-10-05,960.9,456.0,1390.1,893.8,133.6,1819.9,train
2020-10-06,1001.4,481.2,1491.2,966.3,130.5,1813.2,train
2020-10-07,1093.8,514.9,1564.8,1066.2,129.4,1990.9,train
2020-10-08,1079.5,494.1,1544.1,1020.0,141.2,1898.4,train
2020-10-09,1103.5,493.6,1520.0,1034.5,105.2,1916.8,train
2020-10-10,1153.9,553.2,1643.8,1139.0,167.7,2099.4,train
2020-10-11,1086.3,505.9,1544.7,1040.8,143.9,1916.8,train
2020-10-12,1031.3,475.1,1481.7,1000.0,135.9,1897.1,train
2020-10-13,1032.5,474.5,1490.4,1011.3,139.3,1841.5,train
2020-10-14,1047.7,486.1,1537.5,1022.4,158.6,1865.8,train
2020-10-15,1073.2,477.3,1542.7,1069.3,137.0,1889.6,train
2020-10-16,1121.5,509.8,1618.2,1087.4,158.4,1951.1,train
2020-10-17,1180.1,542.3,1665.8,1094.0,151.6,2076.4,train
2020-10-18,1072.0,495.2,1519.3,1030.3,140.4,1892.6,train
2020-10-19,1055.0,486.7,1528.8,1043.9,136.1,1904.0,train
2020-10-20,1115.4,494.6,1520.9,1019.4,134.6,1920.3,train
2020-10-21,1090.1,496.8,1551.3,982.3,135.5,1882.7,train
2020-10-22,1113.4,488.6,1530.3,1071.1,132.6,1923.9,train
2020-10-23,1165.3,525.3,1628.8,1129.1,156.4,1971.5,train
2020-10-24,1123.8,542.9,1708.9,1135.6,145.5,2076.7,train
2020-10-25,1099.9,511.2,1620.7,1051.1,145.8,2057.4,train
2020-10-26,1100.5,502.2,1596.0,1046.0,140.5,1973.6,train
2020-10-27,1068.4,473.9,1584.7,1017.9,127.3,1890.9,train
2020-10-28,1054.2,502.1,1528.3,991.3,198.5,1838.7,train
2020-10-29,1100.8,520.6,1553.2,1039.8,172.1,1912.7,train
2020-10-30,1164.6,532.1,1610.0,1088.0,119.7,2003.9,train
2020-10-31,1224.0,578.8,1666.6,1130.8,134.1,2076.1,train
2020-11-01,1160.0,521.9,1561.5,1114.6,115.5,2143.7,train
2020-11-02,1150.8,494.4,1567.7,1019.5,113.1,2073.3,train
2020-11-03,1092.3,498.4,1607.3,915.3,115.7,1965.0,train
2020-11-04,1101.9,505.1,1618.0,853.3,114.7,1952.2,train
2020-11-05,1122.1,509.5,1629.5,1438.5,115.0,1997.7,train
2020-11-06,1148.5,537.2,1656.2,1173.8,129.3,2024.6,train
2020-11-07,1130.5,563.9,1668.4,1140.6,136.8,2051.8,train
2020-11-08,1109.4,509.3,1540.7,1033.0,113.8,1992.9,train
2020-11-09,1078.2,503.6,1572.4,1011.6,112.4,1926.7,train
2020-11-10,1115.5,515.8,1585.6,1049.7,110.1,1947.2,train
2020-11-11,1116.7,506.3,1648.2,1043.5,112.6,2029.4,train
2020-11-12,1123.9,499.5,1601.2,1052.2,109.5,1993.2,train
2020-11-13,1218.1,533.6,1707.4,1080.5,132.8,2071.8,train
2020-11-14,1174.6,566.7,1701.0,1094.6,137.0,2070.2,train
2020-11-15,1107.8,535.9,1662.1,1063.9,121.4,2008.6,train
2020-11-16,1069.0,515.0,1869.1,1067.5,117.0,2200.9,train
2020-11-17,1175.9,512.3,1790.2,1070.4,225.1,1900.4,train
2020-11-18,1190.9,513.1,1672.6,1064.9,114.7,2001.9,train
2020-11-19,1135.3,529.0,1757.7,1073.3,117.8,1979.1,train
2020-11-20,1139.7,549.6,1892.3,1062.7,127.6,1997.4,train
2020-11-21,1222.6,570.8,1854.8,1126.2,141.7,2094.9,train
2020-11-22,1089.6,518.6,1634.5,1017.6,111.0,1575.1,train
2020-11-23,1197.8,526.8,1547.3,1036.7,113.6,2321.6,train
2020-11-24,1150.4,535.6,1531.0,1055.1,118.7,1959.5,train
2020-11-25,1159.4,524.2,1523.6,1039.6,112.5,2246.9,train
2020-11-26,1150.5,539.4,1572.0,1015.8,113.9,1967.5,train
2020-11-27,1119.7,545.4,1644.9,1053.3,127.3,1993.1,train
2020-11-28,1222.7,559.2,1708.0,1089.6,138.6,2132.4,train
2020-11-29,1354.8,534.3,1618.3,1048.6,116.5,2146.1,train
2020-11-30,1188.4,517.5,1619.0,1087.5,119.5,1996.1,train
2020-12-01,1105.1,517.3,1647.3,1085.4,119.8,2053.3,train
2020-12-02,1152.8,517.8,1627.7,1042.5,121.2,1990.8,train
2020-12-03,1243.6,527.5,1648.9,1071.3,121.5,2158.2,train
2020-12-04,1255.3,568.7,1707.7,1092.3,143.4,2043.8,train
2020-12-05,1188.6,574.3,1771.7,1110.8,152.6,2110.6,train
2020-12-06,1136.2,533.7,1669.4,1083.0,159.9,2010.2,train
2020-12-07,1171.9,510.5,1647.7,1076.0,127.3,1969.9,train
2020-12-08,1200.0,507.1,1637.6,1040.1,123.0,2039.9,train
2020-12-09,967.3,476.7,1275.3,877.9,94.0,1385.0,train
2020-12-10,1283.3,468.0,2004.7,1200.7,158.1,2672.6,train
2020-12-11,997.8,518.3,1534.7,920.8,105.0,1436.8,train
2020-12-12,1327.4,566.8,2050.5,1286.0,171.2,2646.8,train
2020-12-13,1019.5,604.0,1299.5,896.7,91.5,1553.9,train
2020-12-14,1255.5,511.7,1822.7,987.2,132.2,1910.7,train
2020-12-15,1284.7,437.1,1139.3,1185.3,138.6,2373.5,train
2020-12-16,908.5,598.4,1745.1,1007.1,119.4,1855.1,train
2020-12-17,1465.1,474.5,1959.6,1044.4,124.0,2199.6,train
2020-12-18,928.8,518.3,1232.0,813.5,104.9,1548.2,train
2020-12-19,1500.3,623.6,1916.9,1223.3,161.6,1813.8,train
2020-12-20,1298.0,593.4,1400.7,1178.3,138.0,2360.0,train
2020-12-21,1395.3,579.6,2156.6,1107.5,133.4,2541.1,train
2020-12-22,1129.5,469.1,1643.2,1014.2,121.7,1932.2,train
2020-12-23,916.0,475.3,1413.0,879.7,91.8,1412.1,train
2020-12-24,1314.2,530.9,1776.9,1194.5,159.6,2518.3,train
2020-12-25,1179.2,444.3,1688.0,1110.2,145.5,2067.4,train
2020-12-26,914.9,535.7,1262.3,841.6,102.6,1846.1,train
2020-12-27,1405.7,521.5,2084.2,1370.4,183.9,2291.6,train
2020-12-28,1228.6,575.3,1246.5,1078.0,177.1,2005.8,train
2020-12-29,920.1,468.8,1598.0,858.3,97.8,1195.6,train
2020-12-30,1097.0,567.7,1925.2,1073.8,126.9,2604.0,train
2020-12-31,1424.4,421.1,1665.7,1196.1,161.8,1938.9,train
2021-01-01,1166.8,513.1,1613.8,1049.7,134.2,1984.1,train
2021-01-02,1208.8,576.6,1715.6,1121.5,147.7,2147.4,train
2021-01-03,480.5,285.6,620.4,477.9,50.5,817.4,train
2021-01-04,1829.7,792.4,2827.9,1705.5,201.3,3493.3,train
2021-01-05,1098.0,557.8,1608.1,1064.2,124.5,2164.0,train
2021-01-06,1152.1,561.2,1624.4,978.3,104.4,2006.9,train
2021-01-07,1250.2,413.9,1569.0,1057.1,140.7,1962.2,train
2021-01-08,1232.9,560.2,1640.8,1104.9,139.9,2049.8,train
2021-01-09,1294.6,652.3,1717.4,1129.4,139.8,2127.1,train
2021-01-10,1210.5,410.9,1583.3,1045.9,129.1,1987.0,train
2021-01-11,1137.2,569.7,1587.7,1069.0,121.8,2037.7,train
2021-01-12,1390.7,532.6,1596.2,1060.0,123.0,2126.3,train
2021-01-13,1251.5,454.4,1608.7,1072.1,123.3,2100.5,train
2021-01-14,1242.9,560.1,1601.1,1080.1,124.7,2245.5,train
2021-01-15,1232.4,666.6,1664.3,1154.5,138.8,2140.1,train
2021-01-16,1296.7,393.7,1708.6,1149.2,143.9,2135.2,train
2021-01-17,1278.0,694.5,1599.3,1101.3,166.7,2147.8,train
2021-01-18,1247.5,510.2,957.4,1087.0,121.1,1254.4,train
2021-01-19,1189.9,284.0,2218.8,1060.3,119.5,2960.6,train
2021-01-20,1197.6,729.3,1608.2,1072.8,124.2,2076.6,train
2021-01-21,1265.6,532.5,1561.1,1067.9,126.4,1983.4,train
2021-01-22,1257.1,544.9,1612.9,1131.0,144.4,2115.4,train
2021-01-23,1308.0,546.1,1682.0,1115.2,140.5,2140.5,train
2021-01-24,1224.4,519.0,1596.4,1071.5,129.7,2089.3,train
2021-01-25,1219.4,503.1,1558.9,1063.6,123.0,2068.5,train
2021-01-26,1182.8,498.2,1562.7,1085.6,122.3,1976.0,train
2021-01-27,1225.8,499.1,1537.2,1034.1,116.6,1990.3,train
2021-01-28,1209.7,507.0,1530.8,1054.8,118.5,2040.4,train
2021-01-29,1203.7,522.9,1628.2,1141.5,142.6,2074.2,train
2021-01-30,1270.3,560.1,404.0,323.2,30.1,471.4,train
2021-01-31,5.4,28.9,9112.5,5214.4,617.1,12266.3,train
2021-02-01,4712.9,2537.1,,,,,train
2021-02-02,,,,,,,train
2021-02-03,,,,,,,train
2021-02-04,1257.1,,,1120.2,192.9,,train
2021-02-05,1357.3,541.8,1527.5,1207.4,146.7,2128.6,train
2021-02-06,1330.3,504.2,1579.8,1115.2,131.5,2023.3,train
2021-02-07,1340.0,498.4,1543.2,1068.3,127.5,1980.6,train
2021-02-08,1284.5,480.1,1470.1,1087.0,121.6,2098.9,train
2021-02-09,1323.0,490.8,1444.4,1049.7,118.2,1910.5,train
2021-02-10,1452.7,569.4,1640.1,1338.3,141.4,2297.1,train
2021-02-11,1187.7,400.4,1218.3,963.5,101.1,1680.1,train
2021-02-12,1224.6,130.6,1313.1,994.3,107.0,1769.9,train
2021-02-13,1357.1,734.3,1305.0,992.8,107.5,1757.1,train
2021-02-14,1293.9,448.9,1336.5,993.0,112.9,1778.3,train
2021-02-15,898.5,271.8,868.4,719.1,70.9,1192.0,train
2021-02-16,1321.2,598.0,1472.0,1024.1,119.3,1904.7,train
2021-02-17,1307.7,365.7,1450.6,1062.0,120.7,1853.9,train
2021-02-18,1793.2,642.9,2067.7,1402.4,175.9,2635.0,train
2021-02-19,1410.6,143.0,468.0,1084.9,126.3,569.1,train
2021-02-20,1483.8,671.0,2682.8,1113.0,138.0,3511.4,train
2021-02-21,1411.9,719.1,1515.5,1044.2,121.3,1965.6,train
2021-02-22,1390.0,492.6,1487.4,1034.2,118.6,1992.0,train
2021-02-23,1370.6,489.1,1456.5,1015.1,116.4,1938.9,train
2021-02-24,1238.6,468.5,1451.8,1010.5,114.1,1922.3,train
2021-02-25,1299.9,490.4,1490.9,1041.7,113.2,1942.7,train
2021-02-26,1348.6,494.2,1473.0,1037.1,119.5,1910.9,train
2021-02-27,6.5,3.5,8.0,6.4,0.8,10.1,train
2021-02-28,3212.7,1029.3,3070.4,2136.9,254.6,4014.1,train
2021-03-01,1105.9,500.4,1443.1,1012.3,114.1,1919.2,train
2021-03-02,1074.3,495.9,1434.8,986.5,110.5,1873.3,train
2021-03-03,825.1,464.0,1390.2,958.5,118.2,1813.0,train
2021-03-04,912.5,471.9,1438.2,984.7,158.3,1878.9,train
2021-03-05,949.3,516.7,1532.1,1060.6,131.9,1981.1,train
2021-03-06,897.3,518.3,1541.6,1019.7,118.1,1990.1,train
2021-03-07,969.1,497.4,1462.1,991.7,151.0,1867.6,train
2021-03-08,871.2,492.2,1500.5,1040.1,116.7,1935.7,train
2021-03-09,964.0,479.8,1479.4,1002.2,110.3,1873.9,train
2021-03-10,919.3,502.7,1505.9,1024.5,113.6,1948.5,train
2021-03-11,999.8,523.4,1504.8,1050.5,111.3,1946.5,train
2021-03-12,989.4,544.8,1535.6,1054.4,133.3,2007.4,train
2021-03-13,1033.6,548.7,1598.1,1104.6,140.1,2135.1,train
2021-03-14,949.4,500.8,1492.3,1024.1,133.3,1989.0,train
2021-03-15,1194.2,497.2,1484.8,1088.9,128.3,1963.2,train
2021-03-16,968.5,494.6,1524.5,1107.7,124.1,2000.9,train
2021-03-17,949.1,524.5,1499.7,1065.6,135.2,1950.1,train
2021-03-18,954.7,494.1,1537.8,999.9,113.1,1962.1,train
2021-03-19,1024.0,511.5,1610.9,1127.3,131.8,2055.6,train
2021-03-20,1030.7,499.9,1494.9,1067.6,125.7,2000.8,train
2021-03-21,918.0,457.9,1449.8,963.2,104.2,1863.4,train
2021-03-22,933.2,251.8,1478.6,988.5,106.8,1919.9,train
2021-03-23,1040.5,677.6,1488.7,987.7,108.6,1955.7,train
2021-03-24,1002.7,476.3,1509.0,1004.1,111.9,2249.5,train
2021-03-25,965.7,470.7,1499.6,1017.2,106.9,1962.8,train
2021-03-26,971.3,499.9,1560.0,1047.2,128.2,1981.6,train
2021-03-27,1029.3,528.0,1620.5,1074.7,137.6,2115.6,train
2021-03-28,964.3,488.8,1514.8,1018.0,131.9,2076.1,train
2021-03-29,974.6,478.1,1523.2,1029.4,114.1,2042.3,train
2021-03-30,996.4,475.8,1524.6,1033.9,111.8,1987.5,train
2021-03-31,973.3,466.5,1487.4,1023.1,110.2,2021.6,train
2021-04-01,1000.5,457.6,1472.9,997.7,110.2,1980.0,train
2021-04-02,1006.5,475.8,1449.3,1003.5,113.4,1784.2,train
2021-04-03,937.0,432.6,1325.4,831.5,101.7,1540.0,train
2021-04-04,1006.1,468.4,1427.8,985.8,121.7,1783.6,train
2021-04-05,1050.0,457.3,1478.5,964.8,113.6,1856.8,train
2021-04-06,1023.0,451.4,1463.3,931.6,110.8,2067.6,train
2021-04-07,993.6,442.9,1450.0,942.3,104.2,1821.6,train
2021-04-08,1026.6,450.2,1368.4,925.1,99.7,1670.7,train
2021-04-09,1056.8,492.7,1522.5,1048.3,124.7,1862.9,train
2021-04-10,1097.2,539.3,1620.7,1077.9,130.7,1997.1,train
2021-04-11,1052.7,484.5,1504.0,1006.0,113.9,1900.0,train
2021-04-12,1071.1,486.2,1516.2,1136.2,112.7,1958.9,train
2021-04-13,1060.7,472.4,1520.2,812.0,137.1,2225.2,train
2021-04-14,1004.9,461.6,1455.0,1435.4,109.6,2013.2,train
2021-04-15,1034.5,463.6,1471.4,1105.8,105.8,1927.2,train
2021-04-16,1062.3,492.6,1772.8,1023.3,119.7,1832.3,train
2021-04-17,1133.8,526.8,1861.8,1071.2,132.2,1965.2,train
2021-04-18,1082.9,479.5,1497.3,991.8,158.4,1901.5,train
2021-04-19,1060.5,465.3,1469.6,994.4,107.2,1799.3,train
2021-04-20,1137.2,482.0,1486.7,1037.1,110.1,1880.5,train
2021-04-21,1033.9,483.1,1530.4,1020.2,110.9,2038.4,train
2021-04-22,1035.5,482.7,1603.7,1062.5,116.1,2232.4,train
2021-04-23,1053.4,520.7,1614.6,1133.0,131.4,2033.4,train
2021-04-24,1113.1,472.5,1529.3,1029.5,115.5,1883.4,train
2021-04-25,1439.1,451.3,1302.7,978.7,111.3,1766.0,train
2021-04-26,935.9,445.3,1431.5,985.7,102.9,1805.1,train
2021-04-27,972.8,458.8,1455.6,999.6,106.0,1773.3,train
2021-04-28,943.5,439.9,1436.5,989.2,105.0,1857.2,train
2021-04-29,1064.9,461.4,1500.4,1595.1,111.2,1817.5,train
2021-04-30,1106.6,467.5,1508.3,1010.5,114.3,1747.8,train
2021-05-01,984.3,416.6,1378.3,922.0,97.2,1705.3,train
2021-05-02,868.8,410.6,1295.5,836.9,89.4,1485.7,train
2021-05-03,1020.5,449.5,1428.6,952.5,108.0,1725.5,train
2021-05-04,1010.3,530.0,1576.0,1057.3,120.9,1936.0,train
2021-05-05,1029.6,485.7,1509.9,1019.0,110.3,1884.4,train
2021-05-06,986.1,476.1,1496.4,1005.4,109.7,1849.3,train
2021-05-07,994.2,513.9,1514.9,1021.1,114.6,1858.1,train
2021-05-08,1116.9,564.4,1722.8,1118.8,133.3,1999.6,train
2021-05-09,972.7,520.9,1661.3,1025.7,114.3,1874.7,train
2021-05-10,1042.8,492.4,1862.0,1049.0,121.1,1927.0,train
2021-05-11,990.3,486.2,1698.4,1019.2,116.1,1962.6,train
2021-05-12,1176.1,460.1,1555.6,1021.8,171.2,1944.8,train
2021-05-13,1025.8,466.0,1697.4,1011.7,126.8,1917.2,train
2021-05-14,1119.6,506.4,1640.7,1088.2,138.2,1953.5,train
2021-05-15,1148.7,520.2,1724.3,1135.9,145.8,2071.4,train
2021-05-16,1054.9,489.6,1639.9,1069.6,121.1,2117.6,train
2021-05-17,989.7,483.1,1507.6,1054.7,113.3,1872.4,train
2021-05-18,1026.1,499.7,1723.8,1030.9,119.6,2033.6,train
2021-05-19,1046.2,473.2,1689.9,1086.4,114.0,1550.6,train
2021-05-20,1067.1,485.6,1623.0,1032.3,117.9,2420.0,train
2021-05-21,1176.5,524.0,2595.5,1095.9,136.3,1980.0,train
2021-05-22,1140.3,539.2,1692.4,1153.7,139.9,2073.2,train
2021-05-23,1153.1,483.8,1551.1,1087.5,118.4,1956.7,train
2021-05-24,999.6,458.1,1562.7,1033.1,112.2,1951.7,train
2021-05-25,1038.3,479.9,1632.7,1036.1,114.5,1949.6,train
2021-05-26,1043.2,497.2,1648.9,1043.8,118.2,1888.1,train
2021-05-27,1149.7,519.4,1683.2,1068.5,116.9,2025.7,train
2021-05-28,1169.8,548.4,1683.5,1135.1,136.6,1985.3,train
2021-05-29,1449.3,559.0,1759.5,1177.0,139.1,2098.6,train
2021-05-30,993.4,487.1,1580.8,1138.5,114.1,1848.4,train
2021-05-31,962.4,459.4,1479.1,995.3,106.2,1721.0,train
2021-06-01,1086.7,479.0,1698.1,1051.7,113.7,1846.3,train
2021-06-02,983.4,494.2,1597.2,1068.0,112.3,1900.0,train
2021-06-03,1009.7,464.2,1529.0,1013.5,107.3,1825.3,train
2021-06-04,1117.4,522.5,1717.8,1072.6,127.6,1908.0,train
2021-06-05,1044.3,535.7,1644.6,1131.3,133.5,2040.7,train
2021-06-06,1029.4,497.5,1615.7,1058.6,117.1,1893.4,train
2021-06-07,1037.4,492.8,1570.5,1071.1,114.6,1897.7,train
2021-06-08,1071.0,487.4,1594.7,1060.3,110.9,2036.0,train
2021-06-09,1020.8,493.6,1593.5,1078.9,112.2,1918.9,train
2021-06-10,1055.8,481.1,1583.9,1064.2,111.9,1923.3,train
2021-06-11,1099.3,519.9,1687.4,1098.0,124.1,1961.9,train
2021-06-12,1175.8,519.7,1915.5,1105.3,129.5,1968.8,train
2021-06-13,1154.1,556.9,1695.7,1170.3,130.2,2191.6,train
2021-06-14,1019.6,504.7,1627.1,1080.5,111.5,2010.1,train
2021-06-15,1138.1,499.1,1551.2,1034.2,112.8,1921.3,train
2021-06-16,1073.5,505.5,1577.7,960.2,114.1,1894.7,train
2021-06-17,1060.4,500.9,1534.0,1116.4,114.0,1913.5,train
2021-06-18,1150.9,546.9,1701.4,1363.0,129.4,2051.0,train
2021-06-19,1155.4,553.1,1707.7,1203.9,136.7,2147.8,train
2021-06-20,1019.2,509.3,1570.4,1143.5,114.3,1950.6,train
2021-06-21,891.6,485.6,1441.5,1117.7,108.4,1814.8,train
2021-06-22,1106.2,496.6,1477.1,1102.3,111.4,1836.0,train
2021-06-23,978.0,488.4,1405.7,1097.5,105.9,1823.3,train
2021-06-24,989.9,498.6,1444.2,1121.4,113.2,1887.4,train
2021-06-25,1067.5,525.8,1567.1,1190.1,136.7,2009.2,train
2021-06-26,1011.0,546.4,1615.0,1225.3,142.0,2060.0,train
2021-06-27,909.1,479.1,1439.0,1112.2,109.2,1837.9,train
2021-06-28,933.3,474.3,1458.2,1124.0,113.7,1873.8,train
2021-06-29,1013.2,498.2,1516.6,1124.8,118.0,1902.1,train
2021-06-30,1017.0,537.3,1516.9,1117.6,133.8,1898.6,train
2021-07-01,1038.9,489.2,1511.3,1136.7,117.0,1888.6,train
2021-07-02,1087.3,556.4,1608.6,1181.8,137.7,2011.0,train
2021-07-03,1099.8,547.9,1651.4,1199.2,143.3,2083.9,train
2021-07-04,1000.6,493.4,1494.8,1144.4,115.0,1887.2,train
2021-07-05,1574.9,475.8,1810.6,1107.9,115.4,1886.4,train
2021-07-06,1164.4,484.3,1518.3,1096.5,115.8,2044.4,train
2021-07-07,1051.2,483.4,1505.9,1125.5,116.5,2382.0,train
2021-07-08,1117.4,483.5,1547.7,1122.3,114.3,1833.2,train
2021-07-09,1160.2,491.1,1728.5,1119.4,128.8,1917.7,train
2021-07-10,1119.4,512.3,1625.9,1146.4,133.3,2084.6,train
2021-07-11,1164.7,479.4,1704.0,1079.0,127.8,1871.1,train
2021-07-12,1132.6,482.2,1473.9,1070.2,114.4,1822.5,train
2021-07-13,1193.8,481.0,1491.7,828.2,109.9,1912.4,train
2021-07-14,1162.5,483.0,1523.1,1248.7,111.6,1820.9,train
2021-07-15,1119.8,463.6,1761.0,1024.8,105.8,1726.5,train
2021-07-16,1106.4,484.7,1620.2,1072.7,116.0,1751.6,train
2021-07-17,1082.5,495.3,1676.7,1098.1,125.9,1841.0,train
2021-07-18,1032.9,435.4,1547.6,639.7,102.6,1694.9,train
2021-07-19,1002.5,449.3,1551.9,1384.7,104.0,1694.2,train
2021-07-20,1027.6,446.7,1536.1,607.7,106.7,1697.6,train
2021-07-21,1188.3,470.3,1852.8,2510.4,115.4,1776.4,train
2021-07-22,1135.8,466.3,1586.5,,110.2,1800.6,train
2021-07-23,1166.0,488.1,1690.1,1064.2,126.3,1793.0,train
2021-07-24,1043.0,493.5,1913.5,1084.5,127.4,1842.3,train
2021-07-25,1015.3,465.6,1614.8,1025.5,109.9,1761.7,train
2021-07-26,1070.1,464.1,1636.2,1016.3,111.6,1754.7,train
2021-07-27,1048.0,472.5,1576.2,1050.7,114.5,1733.1,train
2021-07-28,1081.9,456.6,1596.0,1035.2,106.1,1726.6,train
2021-07-29,1019.1,454.5,1569.2,1007.0,104.3,1673.6,train
2021-07-30,1067.3,467.6,1667.8,1071.9,115.5,1801.6,train
2021-07-31,1174.6,488.4,1691.3,1125.0,124.1,1865.0,train
2021-08-01,1153.7,459.0,1724.7,1044.4,108.5,1764.2,train
2021-08-02,1016.4,471.7,1722.6,1018.0,109.4,1750.8,train
2021-08-03,1073.2,461.8,1734.4,1042.7,110.2,1771.2,train
2021-08-04,1084.4,440.8,1882.3,1051.4,110.6,1702.4,train
2021-08-05,1028.8,447.9,1776.7,1139.1,109.7,1716.7,train
2021-08-06,1081.8,479.9,1844.7,1172.1,125.9,1842.7,train
2021-08-07,1089.8,511.8,1861.1,1119.5,127.6,1891.8,train
2021-08-08,1076.9,461.1,1758.0,1019.8,114.5,1809.8,train
2021-08-09,1104.5,460.1,1728.1,1050.6,115.2,1815.4,train
2021-08-10,1161.2,481.2,1738.4,1074.9,113.5,1923.7,train
2021-08-11,1065.4,477.4,1730.6,1074.9,119.1,1885.4,train
2021-08-12,1107.2,467.5,1680.9,1052.1,115.7,1874.9,train
2021-08-13,1108.0,479.0,1748.9,1382.1,126.2,1890.6,train
2021-08-14,1185.7,505.8,1702.5,1108.5,135.6,2003.2,train
2021-08-15,1078.9,485.5,1949.7,1094.6,121.4,1910.8,train
2021-08-16,1129.2,476.4,1815.8,1117.0,124.7,1928.5,train
2021-08-17,1155.8,512.5,1593.5,1105.0,121.6,1902.6,train
2021-08-18,1088.4,507.2,1613.4,1076.0,120.2,1893.5,train
2021-08-19,1146.4,484.0,1628.4,1095.4,120.1,1877.8,train
2021-08-20,1266.9,520.9,1958.6,1191.0,134.9,1992.4,train
2021-08-21,1186.9,526.3,1781.7,1165.0,140.1,2052.6,train
2021-08-22,1773.9,501.8,1667.3,1135.0,126.1,1939.4,train
2021-08-23,1204.9,505.6,1757.0,1129.9,122.9,1911.7,train
2021-08-24,1175.6,485.4,1657.4,1125.5,122.3,1980.1,train
2021-08-25,1175.5,488.5,1646.2,1127.0,123.4,1989.6,train
2021-08-26,1178.7,478.1,1725.1,1089.9,118.0,1864.5,train
2021-08-27,1253.2,499.4,1827.5,1163.0,135.2,1973.8,train
2021-08-28,1205.8,519.7,1755.6,1201.6,147.7,2060.2,train
2021-08-29,1234.3,487.8,1718.9,1126.8,125.9,1965.5,train
2021-08-30,1178.9,482.6,1661.9,1101.0,124.9,1900.5,train
2021-08-31,1158.0,483.1,1706.1,1110.0,122.9,1892.9,train
2021-09-01,1307.7,475.0,1771.1,1102.4,129.1,1921.2,train
2021-09-02,1077.7,469.5,1655.8,711.2,121.0,1878.2,train
2021-09-03,1234.4,498.1,1754.1,1565.2,139.1,1988.7,train
2021-09-04,1137.0,522.2,1805.0,1206.6,140.5,2040.1,train
2021-09-05,1055.8,465.6,1727.0,1103.4,120.7,1908.6,train
2021-09-06,1116.7,467.6,1775.1,1119.0,118.5,1862.1,train
2021-09-07,1096.3,485.0,1867.6,1095.6,116.6,1899.3,train
2021-09-08,1050.7,471.1,1755.2,1095.0,118.0,1892.4,train
2021-09-09,1077.4,462.3,1636.2,1101.9,117.4,1871.8,train
2021-09-10,1211.0,517.4,1715.2,1162.0,137.6,2014.5,train
2021-09-11,1236.4,539.8,1826.6,1195.6,145.5,2030.3,train
2021-09-12,1128.2,474.2,1827.8,1133.7,118.2,1995.0,train
2021-09-13,1010.7,459.7,1797.9,1104.8,119.4,1869.9,train
2021-09-14,1074.8,464.2,1701.4,1072.3,117.8,1822.8,train
2021-09-15,1080.8,462.2,1600.1,1107.3,113.6,1811.9,train
2021-09-16,1079.0,455.3,1533.4,1055.9,114.8,1842.3,train
2021-09-17,1089.2,465.7,1555.4,1093.5,122.8,1833.4,train
2021-09-18,1159.4,505.0,1557.5,1134.6,127.4,1919.7,train
2021-09-19,1044.4,494.3,1570.7,1091.7,124.6,1852.0,train
2021-09-20,1182.4,532.2,1732.4,1176.2,135.6,2011.4,train
2021-09-21,1108.1,482.7,1616.2,1099.7,118.9,1880.3,train
2021-09-22,1077.0,473.6,1551.8,1069.7,118.5,1818.3,train
2021-09-23,1091.5,477.3,1555.9,1090.3,115.2,1831.8,train
2021-09-24,1196.7,510.9,1787.9,1155.2,135.2,1982.0,train
2021-09-25,1118.7,481.7,1699.0,1064.0,120.2,1799.4,train
2021-09-26,1118.4,473.0,1689.2,1079.5,117.3,1864.4,train
2021-09-27,1239.6,489.7,1675.1,1073.3,119.4,1814.6,train
2021-09-28,1093.1,170.8,1645.9,1100.4,117.7,1870.6,train
2021-09-29,202.7,759.3,1665.8,1089.4,10.5,1978.1,train
2021-09-30,2366.5,463.6,1716.6,1088.4,238.7,1842.4,train
2021-10-01,1052.8,417.3,1545.2,971.9,107.5,1658.4,train
2021-10-02,999.0,383.2,1498.3,904.5,96.6,1502.0,train
2021-10-03,1069.3,390.9,1485.1,900.4,94.5,1575.1,train
2021-10-04,1045.8,416.0,1687.4,976.6,104.6,1815.6,train
2021-10-05,1116.9,463.7,1668.1,1038.0,124.6,1894.2,train
2021-10-06,1159.2,520.2,1752.0,1181.8,139.1,2037.6,train
2021-10-07,1130.8,443.7,1618.4,1053.4,117.7,1776.4,train
2021-10-08,1092.5,441.0,1657.3,1057.8,113.3,1797.7,train
2021-10-09,1160.1,501.3,1894.9,1134.1,139.1,1942.1,train
2021-10-10,1145.4,483.8,1782.0,1103.7,124.5,1900.8,train
2021-10-11,1103.6,468.5,1684.7,1068.8,125.3,1818.4,train
2021-10-12,1189.6,446.3,1625.1,1010.4,119.2,1738.8,train
2021-10-13,1300.9,461.1,1686.3,1067.6,120.2,1839.2,train
2021-10-14,1073.2,445.3,1666.8,1056.1,115.2,1815.7,train
2021-10-15,1125.8,496.2,1796.9,1110.4,135.9,1947.4,train
2021-10-16,1218.8,514.1,1836.7,1154.3,140.8,2062.6,train
2021-10-17,1126.3,468.1,1738.2,1105.2,117.4,1883.9,train
2021-10-18,1121.8,463.7,1732.2,1079.2,117.5,1890.2,train
2021-10-19,1077.6,462.3,1751.8,1084.3,118.5,1870.8,train
2021-10-20,1107.4,443.8,1710.0,1050.9,116.6,1817.0,train
2021-10-21,1087.9,453.1,1700.6,1082.0,113.4,1818.6,train
2021-10-22,1139.2,488.2,1796.8,1150.4,132.9,1954.8,train
2021-10-23,1210.2,528.2,1875.9,1200.4,141.9,2052.0,train
2021-10-24,1124.4,482.3,1801.8,1149.4,125.7,1936.0,train
2021-10-25,1204.2,475.2,1750.7,1133.6,120.6,1947.0,train
2021-10-26,1114.4,470.3,1749.2,1096.2,118.4,1900.1,train
2021-10-27,1120.2,475.4,1721.1,1076.6,119.0,1852.0,train
2021-10-28,1116.1,481.6,1772.9,1098.1,120.8,1873.7,train
2021-10-29,1175.9,516.0,1759.0,1135.9,134.5,1934.9,train
2021-10-30,1222.5,549.7,1848.3,1168.1,148.9,2032.9,train
2021-10-31,1188.9,498.1,1742.9,1112.9,123.7,1950.7,train
2021-11-01,1150.8,465.2,1672.6,1107.6,120.7,1904.9,train
2021-11-02,1109.3,471.3,1667.2,1089.2,127.3,1890.6,train
2021-11-03,1118.1,471.2,1717.4,1106.4,124.6,2051.4,train
2021-11-04,1177.0,477.7,1738.3,1130.6,130.5,1918.4,train
2021-11-05,1279.4,516.1,1830.3,1213.1,149.7,2090.5,train
2021-11-06,1298.1,528.7,1875.2,1222.5,154.0,2091.5,train
2021-11-07,1147.0,461.2,1695.5,1111.1,122.7,1955.1,train
2021-11-08,1164.0,467.7,1698.0,1114.9,123.2,2035.6,train
2021-11-09,1164.0,464.5,1692.1,1129.0,121.9,1937.4,train
2021-11-10,1221.6,460.4,1684.6,1142.0,127.1,2063.3,train
2021-11-11,1125.1,496.2,1712.3,1134.2,135.4,2027.1,train
2021-11-12,1194.6,512.5,1790.3,1206.9,156.4,2039.7,train
2021-11-13,1255.1,566.3,1877.1,1208.9,159.2,2071.3,train
2021-11-14,1355.5,471.6,1761.1,1129.8,134.8,1972.1,train
2021-11-15,1218.5,477.4,1689.8,1107.9,131.9,1936.5,train
2021-11-16,1156.2,471.6,1675.7,1118.7,134.3,1972.0,train
2021-11-17,1205.3,478.9,1691.5,1122.1,131.2,1862.9,train
2021-11-18,1157.8,514.6,1709.9,1097.5,128.9,2622.5,train
2021-11-19,1304.3,545.1,1761.7,1194.2,152.9,2063.5,train
2021-11-20,1268.6,544.0,1838.5,1215.2,152.0,2087.7,train
2021-11-21,1194.3,466.4,1644.5,1089.6,122.5,1849.3,train
2021-11-22,1168.7,474.3,1654.9,1081.5,116.3,1866.1,train
2021-11-23,1258.7,486.6,1677.6,1122.0,123.7,2097.9,train
2021-11-24,1152.2,483.8,1699.9,1115.5,124.8,2001.6,train
2021-11-25,1230.4,495.7,1773.6,1136.6,125.7,2270.5,train
2021-11-26,1188.4,509.8,1809.4,1191.1,141.0,2188.4,train
2021-11-27,1247.5,519.2,1837.6,1209.0,148.1,2108.9,train
2021-11-28,1214.0,485.0,1761.2,1153.1,129.6,2099.8,train
2021-11-29,1191.1,486.7,1764.1,1139.4,122.9,1977.8,train
2021-11-30,1147.4,493.1,1722.6,1121.8,126.5,2211.4,train
2021-12-01,1128.9,477.0,1768.7,1097.1,125.5,2035.0,train
2021-12-02,1135.2,501.1,1764.4,1106.3,124.8,2123.4,train
2021-12-03,1251.9,518.6,1848.6,1237.9,145.3,2125.3,train
2021-12-04,1333.9,546.4,1930.3,1264.4,151.4,2148.9,train
2021-12-05,1194.6,504.8,1782.1,1250.4,132.1,2103.5,train
2021-12-06,1258.0,488.1,1728.9,1177.9,126.3,2027.9,train
2021-12-07,1012.4,500.1,1707.6,1195.8,124.5,2072.0,train
2021-12-08,1059.8,484.6,1722.1,1147.7,141.9,2042.8,train
2021-12-09,1115.3,483.0,1696.6,1160.5,119.7,1969.2,train
2021-12-10,978.1,500.0,1776.3,1218.9,139.3,2066.0,train
2021-12-11,1032.4,539.4,1843.4,1211.4,151.1,2162.0,train
2021-12-12,1023.0,476.9,1716.5,1162.2,128.4,2007.1,train
2021-12-13,1002.1,473.4,1684.4,1150.5,122.7,1978.9,train
2021-12-14,998.7,470.5,1697.8,1106.5,126.6,1888.8,train
2021-12-15,955.6,480.3,1710.3,1102.2,123.8,1999.2,train
2021-12-16,970.8,458.7,1715.9,1119.0,121.9,1888.1,train
2021-12-17,1051.4,490.7,1788.2,1157.1,140.4,1952.1,train
2021-12-18,983.6,522.1,1835.5,1214.0,146.3,2031.5,train
2021-12-19,958.0,480.5,1715.9,1083.7,124.2,1852.6,train
2021-12-20,914.0,472.7,1683.9,858.0,116.7,1805.9,train
2021-12-21,1054.8,482.2,1737.9,1472.3,127.5,1876.9,train
2021-12-22,945.6,458.0,1680.8,1314.0,119.1,1822.3,train
2021-12-23,969.6,466.6,1591.0,1107.3,128.6,1835.8,train
2021-12-24,1113.3,504.2,1815.4,1203.2,142.6,2003.8,train
2021-12-25,1052.7,513.8,1789.9,1188.5,129.4,1981.4,train
2021-12-26,1466.8,444.9,1601.0,1080.7,124.3,1817.7,train
2021-12-27,1211.0,471.0,1678.3,1126.0,124.5,1879.2,train
2021-12-28,1063.5,485.8,1688.4,1162.8,126.9,1914.4,train
2021-12-29,1003.7,492.9,1719.3,1282.5,140.0,2011.4,train
2021-12-30,1067.8,475.5,1678.6,1235.6,130.6,1921.0,train
2021-12-31,1034.1,494.2,1736.9,1238.1,141.6,1987.7,train
2022-01-01,1083.7,503.2,1773.7,1163.3,147.0,2066.2,train
2022-01-02,1073.0,526.1,1840.8,1187.7,145.3,2149.0,train
2022-01-03,1101.7,495.3,1731.9,1149.6,136.5,2032.7,train
2022-01-04,1043.1,505.0,1731.1,1136.6,131.0,2170.0,train
2022-01-05,1002.5,491.6,1722.3,1167.1,113.5,2036.7,train
2022-01-06,1061.3,494.2,1664.9,1123.5,126.6,2002.2,train
2022-01-07,1049.8,522.3,1784.4,1200.6,152.6,2100.6,train
2022-01-08,1048.2,537.8,1834.4,1219.8,120.3,2119.2,train
2022-01-09,1065.4,496.2,1722.2,1154.4,130.3,2012.4,train
2022-01-10,976.6,480.7,1687.3,1111.7,123.5,1978.2,train
2022-01-11,1065.7,495.8,1715.2,1134.0,124.7,2017.8,train
2022-01-12,1039.6,475.2,1697.3,1158.0,124.6,1965.0,train
2022-01-13,1005.5,493.2,1678.2,1139.1,118.9,2047.6,train
2022-01-14,1064.6,525.3,1807.8,1235.6,146.1,2164.6,train
2022-01-15,1158.2,564.5,1892.5,1245.6,155.9,2225.0,train
2022-01-16,1034.4,509.7,1682.6,1142.9,117.5,2028.6,train
2022-01-17,1007.6,504.8,1675.1,1118.3,117.3,1980.8,train
2022-01-18,1155.1,502.8,1741.0,1163.7,127.9,2073.9,train
2022-01-19,1031.5,509.9,1740.7,1170.1,130.0,2072.4,train
2022-01-20,986.6,482.3,1690.1,1142.3,118.4,2054.9,train
2022-01-21,1011.4,484.0,1655.1,1116.1,128.9,1969.8,train
2022-01-22,933.9,506.0,1739.6,1173.5,133.3,2052.9,train
2022-01-23,1127.5,467.7,1603.0,1055.4,117.0,1879.0,train
2022-01-24,951.1,448.6,1577.3,1052.9,115.1,1838.3,train
2022-01-25,1030.3,461.8,1603.3,1160.5,125.6,1914.0,train
2022-01-26,1044.7,439.9,1569.9,1072.2,116.7,1806.6,train
2022-01-27,900.0,418.5,1471.7,1061.8,108.5,1829.0,train
2022-01-28,956.9,410.7,1447.2,1049.2,117.2,1774.2,train
2022-01-29,970.7,442.2,1490.4,1084.3,117.4,2263.2,train
2022-01-30,1058.0,446.4,1569.8,1200.6,121.8,1958.7,train
2022-01-31,743.9,303.6,1209.0,879.0,76.6,1411.5,train
2022-02-01,819.9,336.4,1257.9,927.5,92.8,1504.2,train
2022-02-02,850.7,352.5,1277.3,925.3,92.9,1567.4,train
2022-02-03,908.0,380.2,1335.5,1089.1,98.3,1601.0,train
2022-02-04,912.8,401.1,1405.6,1065.6,107.3,1690.6,train
2022-02-05,947.7,432.7,1511.5,1138.1,121.4,1837.6,train
2022-02-06,936.3,442.4,1504.9,1084.8,114.9,1832.7,train
2022-02-07,1076.0,429.5,1541.7,1018.5,113.7,1823.9,train
2022-02-08,951.7,451.8,1590.9,1039.5,121.6,1890.5,train
2022-02-09,941.5,453.3,1589.9,1053.6,123.5,1886.3,train
2022-02-10,1016.5,467.6,1637.6,1099.5,125.0,1956.4,train
2022-02-11,983.8,490.6,1675.8,1129.0,139.9,1980.4,train
2022-02-12,1027.3,479.7,1668.8,1119.4,141.5,1975.0,train
2022-02-13,1044.4,476.3,1649.2,1108.5,126.3,1985.0,train
2022-02-14,1059.9,472.7,1672.2,1131.6,133.7,2136.5,train
2022-02-15,1151.9,483.7,1650.5,1131.8,130.4,2040.4,train
2022-02-16,1058.6,463.0,1693.5,1080.6,122.9,1919.9,train
2022-02-17,1013.8,474.4,1715.8,1096.4,127.2,1954.6,train
2022-02-18,1007.3,467.6,1642.7,1105.8,124.1,1957.4,train
2022-02-19,969.3,491.4,1671.4,1104.8,129.8,1957.5,train
2022-02-20,947.7,477.8,1623.0,1040.4,115.1,1853.7,train
2022-02-21,948.4,461.9,1638.1,1043.4,114.0,1894.2,train
2022-02-22,1086.3,504.8,1719.1,1068.2,128.6,2016.0,train
2022-02-23,1003.8,489.5,1674.3,1130.8,129.5,1988.8,train
2022-02-24,989.8,513.1,1674.6,1115.4,128.9,2060.4,train
2022-02-25,1140.6,543.7,1867.1,1193.9,150.2,2187.4,train
2022-02-26,1060.5,539.1,1889.8,1232.3,160.3,2226.5,train
2022-02-27,1043.5,530.6,1688.3,1153.0,138.9,2132.3,train
2022-02-28,1099.1,525.9,1690.6,1155.2,133.0,2130.7,train
2022-03-01,971.8,530.7,1660.2,1153.9,132.0,2133.9,train
2022-03-02,1068.2,494.7,1621.4,1117.1,126.5,2025.2,train
2022-03-03,1015.5,496.9,1672.4,1132.5,137.0,2083.0,train
2022-03-04,1047.3,520.8,1723.0,1172.9,149.2,2144.5,train
2022-03-05,1016.3,509.0,1775.3,1148.1,146.1,2112.5,train
2022-03-06,1078.0,477.9,1641.4,1090.0,140.8,2017.0,train
2022-03-07,1028.4,486.0,1634.6,1136.4,131.7,2030.0,train
2022-03-08,1048.6,491.8,1666.0,1137.5,134.5,2052.8,train
2022-03-09,1082.8,487.3,1665.5,1119.5,129.9,2056.1,train
2022-03-10,1068.2,475.8,1664.0,1124.5,133.3,2039.5,train
2022-03-11,1063.8,509.7,1781.3,1186.4,145.7,2142.2,train
2022-03-12,1064.1,528.5,1729.5,1212.0,151.5,2200.4,train
2022-03-13,1038.0,524.9,1716.0,1198.0,143.8,2147.4,train
2022-03-14,1047.8,529.3,1691.0,1155.0,142.0,2084.7,train
2022-03-15,992.3,507.3,1608.0,1115.1,133.0,1987.7,train
2022-03-16,1134.6,526.9,1652.4,1149.3,138.3,2065.3,train
2022-03-17,999.4,534.1,1612.6,1139.7,134.4,2043.5,train
2022-03-18,1064.3,536.5,1646.5,1150.5,140.1,2118.4,train
2022-03-19,993.6,523.6,1607.5,1121.6,135.4,2020.2,train
2022-03-20,985.9,502.3,1634.0,1097.5,132.3,2039.7,train
2022-03-21,947.5,505.3,1605.5,1094.5,135.0,2020.1,train
2022-03-22,895.3,451.6,1497.1,1027.2,118.6,1873.5,train
2022-03-23,852.6,456.6,1554.8,1017.3,120.7,1907.3,train
2022-03-24,854.6,445.5,1534.8,1035.4,117.7,1880.7,train
2022-03-25,1003.5,485.5,1663.6,1118.9,136.8,2040.5,train
2022-03-26,989.0,512.0,1746.6,1153.7,149.4,2149.2,train
2022-03-27,908.3,449.6,1586.8,1035.9,121.4,1920.3,train
2022-03-28,962.4,467.4,1627.4,1051.7,125.5,1932.3,train
2022-03-29,1002.0,515.2,1713.1,1094.3,131.8,2056.7,train
2022-03-30,993.9,485.1,1697.1,1099.8,141.2,2056.3,train
2022-03-31,963.7,465.4,1606.3,1055.4,134.2,1916.0,train
2022-04-01,1063.2,442.4,1553.4,1013.5,126.7,1845.2,train
2022-04-02,1116.0,481.7,1687.9,1109.7,152.7,2055.0,train
2022-04-03,1029.2,483.3,1722.3,1108.7,144.5,2053.2,train
2022-04-04,1085.0,522.2,1804.8,1160.6,151.6,2190.0,train
2022-04-05,1022.7,496.4,1730.7,1134.4,132.7,2096.8,train
2022-04-06,1022.0,472.4,1742.3,1102.6,134.0,2107.2,train
2022-04-07,1012.2,477.0,1722.7,1100.4,129.2,2069.6,train
2022-04-08,1040.4,508.1,1797.5,1140.5,142.8,2179.7,train
2022-04-09,1163.3,511.4,1837.1,1169.0,149.5,2245.7,train
2022-04-10,1036.0,492.0,1780.3,1119.9,129.2,2458.8,train
2022-04-11,1092.2,488.4,1741.5,1122.3,136.0,2161.2,train
2022-04-12,1034.0,475.8,1681.4,1106.2,127.2,2142.6,train
2022-04-13,1057.0,513.0,1712.5,1111.4,127.1,2214.0,train
2022-04-14,1108.4,470.7,1682.3,1101.2,126.2,2057.4,train
2022-04-15,1071.2,514.9,1780.4,1137.4,143.5,2148.6,train
2022-04-16,1139.4,548.1,1825.0,1163.2,144.9,2218.7,train
2022-04-17,1164.6,451.9,1699.4,1085.2,120.9,2092.3,train
2022-04-18,951.3,432.9,1634.1,1057.3,117.3,2046.0,train
2022-04-19,1022.0,467.5,1691.1,1086.8,121.0,2034.4,train
2022-04-20,1087.3,492.0,1788.0,1146.3,131.3,2215.8,train
2022-04-21,1038.2,472.2,1745.8,1116.7,127.1,2117.2,train
2022-04-22,1170.0,545.3,1894.6,1258.1,158.6,2302.8,train
2022-04-23,1110.4,501.3,1800.5,1182.5,137.3,2235.0,train
2022-04-24,1120.3,490.1,1883.0,1169.4,133.1,2193.5,train
2022-04-25,1040.5,502.2,1777.3,1162.1,134.6,2117.7,train
2022-04-26,1047.3,499.0,1994.8,1124.4,130.9,2166.3,train
2022-04-27,1120.5,488.1,1816.1,1167.1,130.2,2143.0,train
2022-04-28,1562.2,468.0,2732.6,1130.1,132.0,2787.3,train
2022-04-29,1141.0,493.8,2968.6,1646.8,148.9,2312.2,train
2022-04-30,886.5,435.7,1669.0,1151.7,122.2,1914.5,train
2022-05-01,,,,,,,test1
2022-05-02,,,,,,,test1
2022-05-03,,,,,,,test1
2022-05-04,,,,,,,test1
2022-05-05,,,,,,,test1
2022-05-06,,,,,,,test1
2022-05-07,,,,,,,test1
2022-05-08,1042.4,473.2,1753.5,1106.6,125.6,2182.0,train
2022-05-09,1065.6,460.5,1753.5,1103.6,125.0,2110.8,train
2022-05-10,929.8,447.1,1704.6,1062.4,123.4,2019.7,train
2022-05-11,1099.2,462.6,1804.5,1072.5,119.4,1995.0,train
2022-05-12,1098.5,467.1,1738.5,1090.4,121.3,2044.7,train
2022-05-13,1019.4,503.1,1804.8,1125.0,137.2,2154.6,train
2022-05-14,1095.5,518.6,1830.1,1070.7,137.5,2166.2,train
2022-05-15,936.9,460.8,1711.4,1125.0,119.1,2023.0,train
2022-05-16,1043.4,479.0,1981.3,1161.8,152.2,2142.8,train
2022-05-17,1020.6,484.4,1769.9,1131.1,128.4,2223.2,train
2022-05-18,1062.8,487.6,1766.9,1106.1,126.1,2109.5,train
2022-05-19,989.6,483.1,1797.4,1132.1,129.0,2165.7,train
2022-05-20,1092.7,521.7,1910.1,1192.9,149.4,2350.8,train
2022-05-21,1071.7,532.2,1887.6,1178.5,145.9,2276.5,train
2022-05-22,943.0,468.1,2043.7,1091.5,127.8,2331.7,train
2022-05-23,1018.8,488.4,1763.3,1116.3,123.8,2168.6,train
2022-05-24,1010.1,481.6,1741.0,1074.7,125.4,2120.2,train
2022-05-25,993.8,479.9,1699.8,1097.9,135.8,2155.5,train
2022-05-26,1035.2,463.4,1585.2,1064.5,130.4,2099.0,train
2022-05-27,1083.7,529.8,1808.1,1183.0,151.5,2339.0,train
2022-05-28,1095.6,547.6,1924.2,1159.9,165.9,2336.0,train
2022-05-29,964.2,510.3,1987.2,1205.0,143.5,2173.5,train
2022-05-30,998.6,487.4,1758.8,1106.7,136.9,2116.2,train
2022-05-31,1016.2,469.9,1735.1,1065.8,135.5,1834.3,train
2022-06-01,,,,,,,test2
2022-06-02,,,,,,,test2
2022-06-03,,,,,,,test2
2022-06-04,,,,,,,test2
2022-06-05,,,,,,,test2
2022-06-06,,,,,,,test2
2022-06-07,,,,,,,test2
2022-06-08,1013.6,484.1,1765.0,1107.8,125.2,2170.8,train
2022-06-09,1047.9,495.7,1742.3,1102.6,120.7,2156.2,train
2022-06-10,1021.0,495.1,1810.0,1134.0,137.8,2225.5,train
2022-06-11,1117.5,538.9,1931.7,1185.0,146.9,2327.3,train
2022-06-12,1068.8,494.9,1848.0,1143.4,133.7,2243.7,train
2022-06-13,1020.0,461.0,1744.0,1089.8,120.6,2105.0,train
2022-06-14,1066.8,486.7,1785.3,1105.1,130.8,2163.3,train
2022-06-15,994.4,481.6,1782.0,1092.4,128.0,2173.2,train
2022-06-16,1040.2,482.9,1806.0,1082.4,131.4,2227.5,train
2022-06-17,1104.0,526.0,1888.5,1191.3,152.8,2260.0,train
2022-06-18,1120.9,538.7,1954.2,1127.8,152.6,2384.3,train
2022-06-19,1089.8,493.6,1846.0,1149.8,128.9,2354.7,train
2022-06-20,1025.0,478.6,1798.6,1178.3,128.2,2225.5,train
2022-06-21,1095.6,517.5,1853.7,1071.4,141.5,2271.5,train
2022-06-22,1186.7,515.4,1854.0,1566.7,141.4,2361.0,train
2022-06-23,1148.3,505.4,1860.5,1448.2,137.8,2291.0,train
2022-06-24,1172.9,526.0,2038.2,1297.7,151.3,2406.3,train
2022-06-25,1169.8,538.3,2068.3,1194.7,159.1,2421.4,train
2022-06-26,1112.6,501.6,1928.3,1145.3,160.0,2482.8,train
2022-06-27,1091.4,491.7,1866.2,920.8,141.2,2342.2,train
2022-06-28,1123.6,501.6,1849.5,1446.9,130.1,2276.0,train
2022-06-29,1077.4,479.1,1833.0,1223.3,122.3,2229.0,train
2022-06-30,1007.7,476.6,1807.0,1077.9,129.7,2224.6,train
2022-07-01,1103.5,508.3,1894.7,1235.6,138.1,2309.4,train
2022-07-02,1182.7,525.8,1977.3,1203.5,160.5,2441.3,train
2022-07-03,1068.1,486.5,1799.3,1095.3,128.5,2276.0,train
2022-07-04,1084.6,481.7,1827.2,1114.1,136.2,2325.0,train
2022-07-05,1075.6,485.0,1743.0,1090.5,130.0,2322.5,train
2022-07-06,1061.0,490.4,1864.2,1163.5,143.0,2256.1,train
2022-07-07,1085.8,494.7,1867.0,1177.4,148.6,1899.0,train
2022-07-08,1135.2,527.1,1952.3,1169.5,146.0,2002.8,train
2022-07-09,1193.1,539.6,2004.3,1214.2,155.2,2067.5,train
2022-07-10,1156.4,491.3,1728.4,1353.0,133.5,1925.3,train
2022-07-11,1110.5,483.2,2257.8,1154.9,130.3,1832.0,train
2022-07-12,1115.0,482.6,2315.2,1124.8,137.9,2000.7,train
2022-07-13,1278.8,536.3,1945.3,1098.6,134.9,1875.3,train
2022-07-14,1480.2,509.9,1975.3,1096.5,125.4,1844.2,train
2022-07-15,1137.6,498.9,1967.0,1135.3,145.3,1937.8,train
2022-07-16,1126.5,498.3,2079.0,1175.8,145.1,1945.0,train
2022-07-17,1119.6,514.5,1948.2,1106.8,132.4,1935.7,train
2022-07-18,1082.1,461.7,1976.5,1151.0,125.4,1833.3,train
2022-07-19,1097.8,499.1,1965.5,1062.6,125.6,1849.0,train
2022-07-20,1023.6,494.4,2232.8,1088.8,121.7,1856.0,train
2022-07-21,,,,,,,test3
2022-07-22,,,,,,,test3
2022-07-23,,,,,,,test3
2022-07-24,,,,,,,test3
2022-07-25,,,,,,,test3
2022-07-26,,,,,,,test3
2022-07-27,,,,,,,test3
2022-07-28,1042.0,465.3,2090.0,1068.4,124.2,1779.0,train
2022-07-29,1040.0,477.9,1946.3,1054.5,133.1,1833.8,train
2022-07-30,1084.1,516.1,1980.0,1099.8,146.9,1933.2,train
2022-07-31,1031.7,466.0,2106.2,1041.5,122.8,1887.0,train
2022-08-01,1004.2,447.4,1973.8,1082.6,117.0,1762.5,train
2022-08-02,1019.8,436.3,1927.0,1018.9,114.6,1714.0,train
2022-08-03,973.5,418.0,1901.2,984.9,112.1,1607.5,train
2022-08-04,1010.7,421.0,1943.8,996.1,127.3,1639.8,train
2022-08-05,1052.1,455.8,2025.4,1057.6,132.5,1734.0,train
2022-08-06,1098.4,478.2,2050.6,1093.0,137.8,1818.7,train
2022-08-07,1024.2,435.7,1979.4,1014.6,138.6,1743.5,train
2022-08-08,1027.8,432.0,1953.3,989.8,114.4,1649.8,train
2022-08-09,984.5,443.7,1794.5,987.5,118.6,1674.2,train
2022-08-10,1034.7,457.6,2014.2,1015.4,114.1,1742.0,train
2022-08-11,1025.2,452.0,1956.3,1009.3,115.5,1668.2,train
2022-08-12,1066.9,485.7,2056.0,1097.7,137.0,1833.3,train
2022-08-13,1108.2,507.2,2100.0,1142.7,151.2,1909.5,train
2022-08-14,1089.1,488.4,2083.3,1103.9,138.3,1828.5,train
2022-08-15,1234.7,452.2,2021.2,1073.2,126.1,1783.5,train
2022-08-16,1049.3,455.4,2007.8,1070.4,120.0,1761.2,train
2022-08-17,1059.9,469.8,2049.2,1030.8,119.8,1740.0,train
2022-08-18,1038.7,457.3,2159.5,1066.0,118.4,1759.6,train
2022-08-19,1106.6,495.7,2157.3,1125.6,135.2,1897.0,train
2022-08-20,1126.5,516.7,2178.4,1184.5,149.7,1981.2,train
2022-08-21,,,,,,,test4
2022-08-22,,,,,,,test4
2022-08-23,,,,,,,test4
2022-08-24,,,,,,,test4
2022-08-25,,,,,,,test4
2022-08-26,,,,,,,test4
2022-08-27,,,,,,,test4
