jzrq,zz,wz,glzl,yxgc,xzqz,xzcy,xzsw,train or test
2020-01-19,,1,,,,,,train
2020-01-20,4,,,,8.0,0.0,0.0,train
2020-01-21,,,,,5.0,0.0,0.0,train
2020-01-22,,,,,1.0,0.0,0.0,train
2020-01-23,8,2,,,0.0,2.0,0.0,train
2020-01-24,7,3,,,5.0,0.0,0.0,train
2020-01-25,9,3,,,7.0,0.0,0.0,train
2020-01-26,,,,,9.0,0.0,0.0,train
2020-01-27,,,,,13.0,2.0,0.0,train
2020-01-28,,,,,8.0,0.0,0.0,train
2020-01-29,,,,,23.0,0.0,0.0,train
2020-01-30,16,8,94,325,18.0,0.0,0.0,train
2020-01-31,12,8,130,327,36.0,0.0,0.0,train
2020-02-01,12,9,165,327,36.0,1.0,0.0,train
2020-02-02,24,8,202,670,37.0,0.0,0.0,train
2020-02-03,24,5,235,670,38.0,5.0,0.0,train
2020-02-04,23,10,258,851,26.0,3.0,0.0,train
2020-02-05,32,12,275,878,20.0,3.0,0.0,train
2020-02-06,32,12,295,947,25.0,5.0,0.0,train
2020-02-07,28,13,308,958,23.0,10.0,0.0,train
2020-02-08,29,13,315,1045,15.0,8.0,0.0,train
2020-02-09,35,12,320,1153,12.0,7.0,0.0,train
2020-02-10,35,12,313,1104,3.0,10.0,0.0,train
2020-02-11,30,12,320,850,17.0,10.0,0.0,train
2020-02-12,29,12,310,665,5.0,15.0,0.0,train
2020-02-13,28,11,306,554,9.0,13.0,0.0,train
2020-02-14,29,9,302,522,6.0,10.0,0.0,train
2020-02-15,29,9,299,541,8.0,11.0,0.0,train
2020-02-16,26,8,282,436,1.0,16.0,2.0,train
2020-02-17,22,7,262,359,1.0,21.0,0.0,train
2020-02-18,15,9,251,307,0.0,11.0,0.0,train
2020-02-19,10,10,232,287,0.0,19.0,0.0,train
2020-02-20,10,9,215,232,0.0,17.0,0.0,train
2020-02-21,10,9,193,202,1.0,23.0,0.0,train
2020-02-22,7,8,188,175,0.0,4.0,1.0,train
2020-02-23,5,8,177,159,0.0,11.0,0.0,train
2020-02-24,7,6,165,132,0.0,12.0,0.0,train
2020-02-25,5,6,152,104,0.0,13.0,0.0,train
2020-02-26,4,4,143,96,0.0,9.0,0.0,train
2020-02-27,3,4,133,79,0.0,10.0,0.0,train
2020-02-28,5,2,115,73,0.0,18.0,0.0,train
2020-02-29,5,2,106,61,0.0,9.0,0.0,train
2020-03-01,6,2,95,103,1.0,12.0,0.0,train
2020-03-02,6,2,83,102,0.0,12.0,0.0,train
2020-03-03,5,3,74,102,0.0,9.0,0.0,train
2020-03-04,5,3,65,101,0.0,9.0,0.0,train
2020-03-05,4,3,57,97,0.0,8.0,0.0,train
2020-03-06,4,3,55,97,1.0,3.0,0.0,train
2020-03-07,4,3,48,133,0.0,7.0,0.0,train
2020-03-08,4,3,43,145,0.0,5.0,0.0,train
2020-03-09,2,3,35,153,0.0,8.0,0.0,train
2020-03-10,2,3,29,157,0.0,6.0,0.0,train
2020-03-11,2,3,25,160,1.0,5.0,0.0,train
2020-03-12,2,3,22,160,0.0,3.0,0.0,train
2020-03-13,2,3,21,170,0.0,1.0,0.0,train
2020-03-14,1,3,19,117,1.0,3.0,0.0,train
2020-03-15,1,2,19,124,2.0,2.0,0.0,train
2020-03-16,1,2,18,130,0.0,1.0,0.0,train
2020-03-17,1,1,19,120,2.0,1.0,0.0,train
2020-03-18,1,1,17,147,2.0,4.0,0.0,train
2020-03-19,1,1,20,162,5.0,2.0,0.0,train
2020-03-20,1,,23,178,4.0,1.0,0.0,train
2020-03-21,1,,25,190,3.0,1.0,0.0,train
2020-03-22,1,,23,208,0.0,2.0,0.0,train
2020-03-23,,,23,234,1.0,1.0,0.0,train
2020-03-24,,,24,243,1.0,0.0,0.0,train
2020-03-25,,,25,293,2.0,1.0,0.0,train
2020-03-26,,,25,370,1.0,1.0,0.0,train
2020-03-27,,,27,391,2.0,0.0,0.0,train
2020-03-28,,,28,393,1.0,0.0,0.0,train
2020-03-29,,,30,385,2.0,0.0,0.0,train
2020-03-30,,,31,395,1.0,0.0,0.0,train
2020-03-31,,,31,411,1.0,1.0,0.0,train
2020-04-01,,,29,429,0.0,2.0,0.0,train
2020-04-02,,,30,468,1.0,0.0,0.0,train
2020-04-03,,,31,473,1.0,0.0,0.0,train
2020-04-04,,,32,445,1.0,0.0,0.0,train
2020-04-05,,,32,399,1.0,1.0,0.0,train
2020-04-06,,,32,412,0.0,0.0,0.0,train
2020-04-07,,,32,305,1.0,1.0,0.0,train
2020-04-08,,,31,299,0.0,1.0,0.0,train
2020-04-09,,,30,249,0.0,1.0,0.0,train
2020-04-10,,,30,234,0.0,0.0,0.0,train
2020-04-11,,,30,229,0.0,0.0,0.0,train
2020-04-12,,,30,219,0.0,0.0,0.0,train
2020-04-13,,,31,203,2.0,1.0,0.0,train
2020-04-14,,,28,191,0.0,3.0,0.0,train
2020-04-15,,,26,185,0.0,2.0,0.0,train
2020-04-16,,,27,194,1.0,0.0,0.0,train
2020-04-17,,,28,193,1.0,0.0,0.0,train
2020-04-18,,,27,182,1.0,2.0,0.0,train
2020-04-19,,,26,219,0.0,1.0,0.0,train
2020-04-20,,,25,244,0.0,1.0,0.0,train
2020-04-21,,,19,205,0.0,6.0,0.0,train
2020-04-22,,,18,221,0.0,1.0,0.0,train
2020-04-23,,,13,213,0.0,5.0,0.0,train
2020-04-24,,,12,206,0.0,1.0,0.0,train
2020-04-25,,,12,196,0.0,0.0,0.0,train
2020-04-26,,,12,162,0.0,0.0,0.0,train
2020-04-27,,,11,155,0.0,1.0,0.0,train
2020-04-28,,,8,156,1.0,4.0,0.0,train
2020-04-29,,,5,159,0.0,3.0,0.0,train
2020-04-30,,,4,118,0.0,1.0,0.0,train
2020-05-01,,,4,110,0.0,0.0,0.0,train
2020-05-02,,,4,62,0.0,0.0,0.0,train
2020-05-03,,,3,52,0.0,1.0,0.0,train
2020-05-04,,,2,55,0.0,1.0,0.0,train
2020-05-05,,,1,53,0.0,1.0,0.0,train
2020-05-06,,,1,52,0.0,0.0,0.0,train
2020-05-07,,,1,42,0.0,0.0,0.0,train
2020-05-08,,,1,42,0.0,0.0,0.0,train
2020-05-09,,,1,39,0.0,0.0,0.0,train
2020-05-10,,,1,48,0.0,0.0,0.0,train
2020-05-11,,,1,73,0.0,0.0,0.0,train
2020-05-12,,,1,69,0.0,0.0,0.0,train
2020-05-13,,,1,74,0.0,0.0,0.0,train
2020-05-14,,,1,77,0.0,0.0,0.0,train
2020-05-15,,,1,78,0.0,0.0,0.0,train
2020-05-16,,,1,79,0.0,0.0,0.0,train
2020-05-17,,,1,70,0.0,0.0,0.0,train
2020-05-18,,,1,75,0.0,0.0,0.0,train
2020-05-19,,,1,60,0.0,0.0,0.0,train
2020-05-20,,,1,51,0.0,0.0,0.0,train
2020-05-21,,,,16,0.0,1.0,0.0,train
2020-05-22,,,,18,0.0,0.0,0.0,train
2020-05-23,,,,65,0.0,0.0,0.0,train
2020-05-24,,,,17,0.0,0.0,0.0,train
2020-05-25,,,,20,0.0,0.0,0.0,train
2020-05-26,,,,14,0.0,0.0,0.0,train
2020-05-27,,,,6,0.0,0.0,0.0,train
2020-05-28,,,,2,0.0,0.0,0.0,train
2020-05-29,,,,1,0.0,0.0,0.0,train
2020-05-30,,,,1,0.0,0.0,0.0,train
2020-05-31,,,,1,0.0,0.0,0.0,train
2020-06-01,,,,1,0.0,0.0,0.0,train
2020-06-02,,,,1,0.0,0.0,0.0,train
2020-06-03,,,,1,0.0,0.0,0.0,train
2020-06-04,,,,,0.0,0.0,0.0,train
2020-06-05,,,,,0.0,0.0,0.0,train
2020-06-06,,,,,0.0,0.0,0.0,train
2020-06-07,,,,,0.0,0.0,0.0,train
2020-06-08,,,,,0.0,0.0,0.0,train
2020-06-09,,,,,0.0,0.0,0.0,train
2020-06-10,,,,,0.0,0.0,0.0,train
2020-06-11,,,,,0.0,0.0,0.0,train
2020-06-12,,,,,0.0,0.0,0.0,train
2020-06-13,,,,,0.0,0.0,0.0,train
2020-06-14,,,,1,0.0,0.0,0.0,train
2020-06-15,,,,1,0.0,0.0,0.0,train
2020-06-16,,,,,0.0,0.0,0.0,train
2020-06-17,,,,,0.0,0.0,0.0,train
2020-06-18,,,,,0.0,0.0,0.0,train
2020-06-19,,,,,0.0,0.0,0.0,train
2020-06-20,,,,,0.0,0.0,0.0,train
2020-06-21,,,,,0.0,0.0,0.0,train
2020-06-22,,,,,0.0,0.0,0.0,train
2020-06-23,,,,,0.0,0.0,0.0,train
2020-06-24,,,,,0.0,0.0,0.0,train
2020-06-25,,,,,0.0,0.0,0.0,train
2020-06-26,,,,,0.0,0.0,0.0,train
2020-06-27,,,,,0.0,0.0,0.0,train
2020-06-28,,,,,0.0,0.0,0.0,train
2020-06-29,,,,,0.0,0.0,0.0,train
2020-06-30,,,,,0.0,0.0,0.0,train
2020-07-01,,,,,0.0,0.0,0.0,train
2020-07-02,,,,,0.0,0.0,0.0,train
2020-07-03,,,,1,0.0,0.0,0.0,train
2020-07-04,,,,1,0.0,0.0,0.0,train
2020-07-05,,,,1,0.0,0.0,0.0,train
2020-07-06,,,,1,0.0,0.0,0.0,train
2020-07-07,,,,1,0.0,0.0,0.0,train
2020-07-08,,,,1,0.0,0.0,0.0,train
2020-07-09,,,,1,0.0,0.0,0.0,train
2020-07-10,,,,1,0.0,0.0,0.0,train
2020-07-11,,,,1,0.0,0.0,0.0,train
2020-07-12,,,,1,0.0,0.0,0.0,train
2020-07-13,,,,1,0.0,0.0,0.0,train
2020-07-14,,,,,0.0,0.0,0.0,train
2020-07-15,,,,,0.0,0.0,0.0,train
2020-07-16,,,,,0.0,0.0,0.0,train
2020-07-17,,,,,0.0,0.0,0.0,train
2020-07-18,,,,1,0.0,0.0,0.0,train
2020-07-19,,,,1,0.0,0.0,0.0,train
2020-07-20,,,,3,0.0,0.0,0.0,train
2020-07-21,,,,3,0.0,0.0,0.0,train
2020-07-22,,,,4,0.0,0.0,0.0,train
2020-07-23,,,,4,0.0,0.0,0.0,train
2020-07-24,,,,7,0.0,0.0,0.0,train
2020-07-25,,,,6,0.0,0.0,0.0,train
2020-07-26,,,,6,0.0,0.0,0.0,train
2020-07-27,,,,25,0.0,0.0,0.0,train
2020-07-28,,,,15,0.0,0.0,0.0,train
2020-07-29,,,,20,0.0,0.0,0.0,train
2020-07-30,,,,22,0.0,0.0,0.0,train
2020-07-31,,,,20,0.0,0.0,0.0,train
2020-08-01,,,,20,0.0,0.0,0.0,train
2020-08-02,,,,24,0.0,0.0,0.0,train
2020-08-03,,,1,79,1.0,0.0,0.0,train
2020-08-04,,,1,85,0.0,0.0,0.0,train
2020-08-05,,,1,85,0.0,0.0,0.0,train
2020-08-06,,,1,79,0.0,0.0,0.0,train
2020-08-07,,,1,82,0.0,0.0,0.0,train
2020-08-08,,,1,79,0.0,0.0,0.0,train
2020-08-09,,,1,80,0.0,0.0,0.0,train
2020-08-10,,,3,78,2.0,0.0,0.0,train
2020-08-11,,,3,119,0.0,0.0,0.0,train
2020-08-12,,,3,207,0.0,0.0,0.0,train
2020-08-13,,,3,207,0.0,0.0,0.0,train
2020-08-14,,,3,218,0.0,0.0,0.0,train
2020-08-15,,,3,242,0.0,0.0,0.0,train
2020-08-16,,,3,241,0.0,0.0,0.0,train
2020-08-17,,,3,186,0.0,0.0,0.0,train
2020-08-18,,,3,300,0.0,0.0,0.0,train
2020-08-19,,,3,311,0.0,0.0,0.0,train
2020-08-20,,,3,310,0.0,0.0,0.0,train
2020-08-21,,,3,308,0.0,0.0,0.0,train
2020-08-22,,,3,358,0.0,0.0,0.0,train
2020-08-23,,,3,303,0.0,0.0,0.0,train
2020-08-24,,,3,290,0.0,0.0,0.0,train
2020-08-25,,,3,313,0.0,0.0,0.0,train
2020-08-26,,,3,457,0.0,0.0,0.0,train
2020-08-27,,,1,504,0.0,2.0,0.0,train
2020-08-28,,,1,500,0.0,0.0,0.0,train
2020-08-29,,,0,372,0.0,1.0,0.0,train
2020-08-30,,,0,241,0.0,0.0,0.0,train
2020-08-31,,,0,228,0.0,0.0,0.0,train
2020-09-01,,,0,357,0.0,0.0,0.0,train
2020-09-02,,,0,381,0.0,0.0,0.0,train
2020-09-03,,,5,479,5.0,0.0,0.0,train
2020-09-04,,,6,538,1.0,0.0,0.0,train
2020-09-05,,,6,599,0.0,0.0,0.0,train
2020-09-06,,,6,604,0.0,0.0,0.0,train
2020-09-07,,,6,667,0.0,0.0,0.0,train
2020-09-08,,,6,674,0.0,0.0,0.0,train
2020-09-09,,,5,679,0.0,1.0,0.0,train
2020-09-10,,,4,673,0.0,1.0,0.0,train
2020-09-11,,,4,650,0.0,0.0,0.0,train
2020-09-12,,,4,497,0.0,0.0,0.0,train
2020-09-13,,,4,377,0.0,0.0,0.0,train
2020-09-14,,,4,378,0.0,0.0,0.0,train
2020-09-15,,,3,319,0.0,1.0,0.0,train
2020-09-16,,,3,319,0.0,0.0,0.0,train
2020-09-17,,,3,318,0.0,0.0,0.0,train
2020-09-18,,,3,237,0.0,0.0,0.0,train
2020-09-19,,,3,133,0.0,0.0,0.0,train
2020-09-20,,,3,47,0.0,0.0,0.0,train
2020-09-21,,,3,45,0.0,0.0,0.0,train
2020-09-22,,,3,45,0.0,0.0,0.0,train
2020-09-23,,,2,45,0.0,1.0,0.0,train
2020-09-24,,,2,2,0.0,0.0,0.0,train
2020-09-25,,,3,0,0.0,-1.0,0.0,train
2020-09-26,,,2,4,0.0,1.0,0.0,train
2020-09-27,,,2,4,0.0,0.0,0.0,train
2020-09-28,,,2,4,0.0,0.0,0.0,train
2020-09-29,,,2,4,0.0,0.0,0.0,train
2020-09-30,,,0,4,0.0,2.0,0.0,train
2020-10-01,,,0,4,0.0,0.0,0.0,train
2020-10-02,,,0,4,0.0,0.0,0.0,train
2020-10-03,,,0,4,0.0,0.0,0.0,train
2020-10-04,,,0,0,0.0,0.0,0.0,train
2020-10-05,,,0,0,0.0,0.0,0.0,train
2020-10-06,,,0,0,0.0,0.0,0.0,train
2020-10-07,,,0,0,0.0,0.0,0.0,train
2020-10-08,,,0,0,0.0,0.0,0.0,train
2020-10-09,,,0,104,0.0,0.0,0.0,train
2020-10-10,,,0,106,0.0,0.0,0.0,train
2020-10-11,,,0,106,0.0,0.0,0.0,train
2020-10-12,,,0,106,0.0,0.0,0.0,train
2020-10-13,,,0,106,0.0,0.0,0.0,train
2020-10-14,,,0,106,0.0,0.0,0.0,train
2020-10-15,,,0,106,0.0,0.0,0.0,train
2020-10-16,,,0,104,0.0,0.0,0.0,train
2020-10-17,,,0,104,0.0,0.0,0.0,train
2020-10-18,,,0,104,0.0,0.0,0.0,train
2020-10-19,,,0,104,0.0,0.0,0.0,train
2020-10-20,,,0,104,0.0,0.0,0.0,train
2020-10-21,,,0,104,0.0,0.0,0.0,train
2020-10-22,,,0,3,0.0,0.0,0.0,train
2020-10-23,,,0,3,0.0,0.0,0.0,train
2020-10-24,,,0,3,0.0,0.0,0.0,train
2020-10-25,,,0,3,0.0,0.0,0.0,train
2020-10-26,,,0,3,0.0,0.0,0.0,train
2020-10-27,,,0,3,0.0,0.0,0.0,train
2020-10-28,,,0,3,0.0,0.0,0.0,train
2020-10-29,,,0,4,0.0,0.0,0.0,train
2020-10-30,,,0,4,0.0,0.0,0.0,train
2020-10-31,,,0,4,0.0,0.0,0.0,train
2020-11-01,,,0,4,0.0,0.0,0.0,train
2020-11-02,,,0,3,0.0,0.0,0.0,train
2020-11-03,,,0,33,0.0,0.0,0.0,train
2020-11-04,,,0,47,0.0,0.0,0.0,train
2020-11-05,,,0,44,0.0,0.0,0.0,train
2020-11-06,,,0,44,0.0,0.0,0.0,train
2020-11-07,,,0,44,0.0,0.0,0.0,train
2020-11-08,,,0,44,0.0,0.0,0.0,train
2020-11-09,,,0,110,0.0,0.0,0.0,train
2020-11-10,,,0,107,0.0,0.0,0.0,train
2020-11-11,,,0,107,0.0,0.0,0.0,train
2020-11-12,,,0,107,0.0,0.0,0.0,train
2020-11-13,,,0,107,0.0,0.0,0.0,train
2020-11-14,,,0,108,0.0,0.0,0.0,train
2020-11-15,,,0,108,0.0,0.0,0.0,train
2020-11-16,,,0,191,0.0,0.0,0.0,train
2020-11-17,,,0,191,0.0,0.0,0.0,train
2020-11-18,,,0,191,0.0,0.0,0.0,train
2020-11-19,,,0,190,0.0,0.0,0.0,train
2020-11-20,,,0,247,0.0,0.0,0.0,train
2020-11-21,,,0,247,0.0,0.0,0.0,train
2020-11-22,,,0,185,0.0,0.0,0.0,train
2020-11-23,,,0,281,0.0,0.0,0.0,train
2020-11-24,,,0,285,0.0,0.0,0.0,train
2020-11-25,,,0,285,0.0,0.0,0.0,train
2020-11-26,,,0,286,0.0,0.0,0.0,train
2020-11-27,,,0,286,0.0,0.0,0.0,train
2020-11-28,,,0,285,0.0,0.0,0.0,train
2020-11-29,,,0,235,0.0,0.0,0.0,train
2020-11-30,,,0,206,0.0,0.0,0.0,train
2020-12-01,,,1,274,1.0,0.0,0.0,train
2020-12-02,,,1,274,0.0,0.0,0.0,train
2020-12-03,,,2,285,1.0,0.0,0.0,train
2020-12-04,,,2,294,0.0,0.0,0.0,train
2020-12-05,,,2,368,0.0,0.0,0.0,train
2020-12-06,,,3,370,1.0,0.0,0.0,train
2020-12-07,,,4,223,1.0,0.0,0.0,train
2020-12-08,,,4,223,0.0,0.0,0.0,train
2020-12-09,,,4,284,0.0,0.0,0.0,train
2020-12-10,,,4,283,0.0,0.0,0.0,train
2020-12-11,,,5,283,1.0,0.0,0.0,train
2020-12-12,,,5,284,0.0,0.0,0.0,train
2020-12-13,,,5,333,0.0,0.0,0.0,train
2020-12-14,,,5,323,0.0,0.0,0.0,train
2020-12-15,,,5,213,0.0,0.0,0.0,train
2020-12-16,,,5,158,0.0,0.0,0.0,train
2020-12-17,,,7,158,2.0,0.0,0.0,train
2020-12-18,,,6,158,0.0,0.0,0.0,train
2020-12-19,,,6,195,0.0,1.0,0.0,train
2020-12-20,,,6,273,0.0,0.0,0.0,train
2020-12-21,,,6,224,1.0,1.0,0.0,train
2020-12-22,,,5,280,0.0,1.0,0.0,train
2020-12-23,,,5,363,0.0,0.0,0.0,train
2020-12-24,,,4,362,0.0,1.0,0.0,train
2020-12-25,,,4,358,0.0,1.0,0.0,train
2020-12-26,,,3,304,0.0,0.0,0.0,train
2020-12-27,,,3,304,0.0,0.0,0.0,train
2020-12-28,,,3,333,0.0,0.0,0.0,train
2020-12-29,,,3,421,0.0,0.0,0.0,train
2020-12-30,,,5,420,2.0,0.0,0.0,train
2020-12-31,,,6,374,1.0,0.0,0.0,train
2021-01-01,,,7,263,1.0,0.0,0.0,train
2021-01-02,,,7,389,0.0,0.0,0.0,train
2021-01-03,,,7,495,0.0,0.0,0.0,train
2021-01-04,,,7,451,0.0,0.0,0.0,train
2021-01-05,,,8,476,1.0,0.0,0.0,train
2021-01-06,,,8,476,0.0,0.0,0.0,train
2021-01-07,,,8,479,0.0,0.0,0.0,train
2021-01-08,,,6,481,0.0,2.0,0.0,train
2021-01-09,,,6,481,0.0,0.0,0.0,train
2021-01-10,,,6,407,0.0,0.0,0.0,train
2021-01-11,,,5,296,0.0,1.0,0.0,train
2021-01-12,,,6,388,1.0,0.0,0.0,train
2021-01-13,,,6,391,0.0,0.0,0.0,train
2021-01-14,,,6,391,0.0,0.0,0.0,train
2021-01-15,,,6,269,0.0,0.0,0.0,train
2021-01-16,,,6,182,0.0,0.0,0.0,train
2021-01-17,,,5,120,0.0,1.0,0.0,train
2021-01-18,,,4,117,0.0,1.0,0.0,train
2021-01-19,,,1,163,0.0,3.0,0.0,train
2021-01-20,,,0,177,0.0,1.0,0.0,train
2021-01-21,,,0,180,0.0,0.0,0.0,train
2021-01-22,,,0,205,0.0,0.0,0.0,train
2021-01-23,,,2,205,2.0,0.0,0.0,train
2021-01-24,,,2,192,0.0,0.0,0.0,train
2021-01-25,,,2,217,0.0,0.0,0.0,train
2021-01-26,,,2,272,0.0,0.0,0.0,train
2021-01-27,,,1,242,0.0,1.0,0.0,train
2021-01-28,,,1,241,0.0,0.0,0.0,train
2021-01-29,,,1,240,0.0,0.0,0.0,train
2021-01-30,,,2,240,1.0,0.0,0.0,train
2021-01-31,,,2,205,0.0,0.0,0.0,train
2021-02-01,,,2,202,0.0,0.0,0.0,train
2021-02-02,,,2,227,0.0,0.0,0.0,train
2021-02-03,,,2,198,0.0,0.0,0.0,train
2021-02-04,,,2,196,0.0,0.0,0.0,train
2021-02-05,,,2,202,0.0,0.0,0.0,train
2021-02-06,,,2,173,0.0,0.0,0.0,train
2021-02-07,,,1,126,0.0,1.0,0.0,train
2021-02-08,,,1,118,0.0,0.0,0.0,train
2021-02-09,,,1,191,0.0,0.0,0.0,train
2021-02-10,,,1,211,0.0,0.0,0.0,train
2021-02-11,,,2,211,1.0,0.0,0.0,train
2021-02-12,,,4,210,2.0,0.0,0.0,train
2021-02-13,,,4,252,0.0,0.0,0.0,train
2021-02-14,,,4,149,1.0,1.0,0.0,train
2021-02-15,,,4,148,0.0,0.0,0.0,train
2021-02-16,,,2,195,0.0,2.0,0.0,train
2021-02-17,,,2,195,0.0,0.0,0.0,train
2021-02-18,,,2,185,0.0,0.0,0.0,train
2021-02-19,,,3,181,1.0,0.0,0.0,train
2021-02-20,,,3,181,0.0,0.0,0.0,train
2021-02-21,,,3,148,0.0,0.0,0.0,train
2021-02-22,,,3,141,0.0,0.0,0.0,train
2021-02-23,,,3,141,0.0,0.0,0.0,train
2021-02-24,,,3,142,0.0,0.0,0.0,train
2021-02-25,,,3,142,0.0,0.0,0.0,train
2021-02-26,,,4,54,1.0,0.0,0.0,train
2021-02-27,,,4,53,0.0,0.0,0.0,train
2021-02-28,,,5,53,1.0,0.0,0.0,train
2021-03-01,,,6,53,1.0,0.0,0.0,train
2021-03-02,,,6,65,0.0,0.0,0.0,train
2021-03-03,,,6,65,0.0,0.0,0.0,train
2021-03-04,,,6,107,0.0,0.0,0.0,train
2021-03-05,,,7,94,1.0,0.0,0.0,train
2021-03-06,,,7,54,0.0,0.0,0.0,train
2021-03-07,,,8,56,2.0,1.0,0.0,train
2021-03-08,,,7,100,0.0,1.0,0.0,train
2021-03-09,,,6,155,0.0,1.0,0.0,train
2021-03-10,,,6,155,0.0,0.0,0.0,train
2021-03-11,,,6,155,0.0,0.0,0.0,train
2021-03-12,,,6,155,0.0,0.0,0.0,train
2021-03-13,,,7,155,1.0,0.0,0.0,train
2021-03-14,,,7,165,0.0,0.0,0.0,train
2021-03-15,,,7,153,0.0,0.0,0.0,train
2021-03-16,,,7,193,0.0,0.0,0.0,train
2021-03-17,,,7,212,0.0,0.0,0.0,train
2021-03-18,,,7,211,0.0,0.0,0.0,train
2021-03-19,,,7,208,0.0,0.0,0.0,train
2021-03-20,,,7,208,0.0,0.0,0.0,train
2021-03-21,,,7,110,0.0,0.0,0.0,train
2021-03-22,,,7,110,0.0,0.0,0.0,train
2021-03-23,,,6,110,0.0,1.0,0.0,train
2021-03-24,,,5,110,0.0,1.0,0.0,train
2021-03-25,,,6,110,1.0,0.0,0.0,train
2021-03-26,,,6,62,0.0,0.0,0.0,train
2021-03-27,,,6,61,0.0,0.0,0.0,train
2021-03-28,,,6,29,0.0,0.0,0.0,train
2021-03-29,,,6,5,0.0,0.0,0.0,train
2021-03-30,,,6,2,0.0,0.0,0.0,train
2021-03-31,,,6,0,0.0,0.0,0.0,train
2021-04-01,,,6,0,0.0,0.0,0.0,train
2021-04-02,,,7,0,1.0,0.0,0.0,train
2021-04-03,,,6,0,0.0,0.0,0.0,train
2021-04-04,,,6,0,0.0,0.0,0.0,train
2021-04-05,,,6,0,0.0,0.0,0.0,train
2021-04-06,,,6,11,0.0,0.0,0.0,train
2021-04-07,,,6,52,0.0,0.0,0.0,train
2021-04-08,,,4,51,0.0,3.0,0.0,train
2021-04-09,,,3,51,0.0,1.0,0.0,train
2021-04-10,,,3,50,0.0,0.0,0.0,train
2021-04-11,,,3,50,0.0,0.0,0.0,train
2021-04-12,,,3,50,0.0,0.0,0.0,train
2021-04-13,,,3,97,0.0,0.0,0.0,train
2021-04-14,,,3,97,0.0,0.0,0.0,train
2021-04-15,,,3,97,0.0,0.0,0.0,train
2021-04-16,,,3,69,0.0,0.0,0.0,train
2021-04-17,,,3,111,0.0,0.0,0.0,train
2021-04-18,,,3,111,0.0,0.0,0.0,train
2021-04-19,,,2,111,0.0,1.0,0.0,train
2021-04-20,,,2,111,0.0,0.0,0.0,train
2021-04-21,,,2,111,0.0,0.0,0.0,train
2021-04-22,,,3,111,1.0,0.0,0.0,train
2021-04-23,,,4,111,1.0,0.0,0.0,train
2021-04-24,,,3,111,0.0,1.0,0.0,train
2021-04-25,,,3,65,0.0,0.0,0.0,train
2021-04-26,,,3,65,0.0,0.0,0.0,train
2021-04-27,,,3,135,0.0,0.0,0.0,train
2021-04-28,,,3,135,0.0,0.0,0.0,train
2021-04-29,,,3,85,0.0,0.0,0.0,train
2021-04-30,,,3,71,0.0,0.0,0.0,train
2021-05-01,,,3,71,0.0,0.0,0.0,train
2021-05-02,,,3,72,0.0,0.0,0.0,train
2021-05-03,,,3,72,0.0,0.0,0.0,train
2021-05-04,,,2,134,0.0,0.0,0.0,train
2021-05-05,,,2,134,0.0,0.0,0.0,train
2021-05-06,,,2,134,0.0,0.0,0.0,train
2021-05-07,,,2,133,0.0,0.0,0.0,train
2021-05-08,,,2,133,0.0,0.0,0.0,train
2021-05-09,,,2,63,0.0,0.0,0.0,train
2021-05-10,,,2,62,0.0,0.0,0.0,train
2021-05-11,,,2,62,0.0,0.0,0.0,train
2021-05-12,,,2,62,0.0,0.0,0.0,train
2021-05-13,,,2,62,0.0,0.0,0.0,train
2021-05-14,,,2,15,0.0,0.0,0.0,train
2021-05-15,,,2,9,0.0,0.0,0.0,train
2021-05-16,,,2,2,0.0,0.0,0.0,train
2021-05-17,,,2,2,0.0,1.0,0.0,train
2021-05-18,,,1,1,0.0,1.0,0.0,train
2021-05-19,,,1,26,0.0,0.0,0.0,train
2021-05-20,,,1,26,0.0,0.0,0.0,train
2021-05-21,,,3,29,2.0,0.0,0.0,train
2021-05-22,,,3,33,0.0,0.0,0.0,train
2021-05-23,,,2,116,0.0,1.0,0.0,train
2021-05-24,,,2,161,0.0,0.0,0.0,train
2021-05-25,,,2,164,0.0,0.0,0.0,train
2021-05-26,,,2,196,0.0,0.0,0.0,train
2021-05-27,,,2,442,0.0,0.0,0.0,train
2021-05-28,,,2,496,0.0,0.0,0.0,train
2021-05-29,,,2,767,0.0,0.0,0.0,train
2021-05-30,,,2,775,0.0,0.0,0.0,train
2021-05-31,,,2,833,0.0,0.0,0.0,train
2021-06-01,,,2,909,0.0,0.0,0.0,train
2021-06-02,,,2,951,0.0,0.0,0.0,train
2021-06-03,,,2,949,0.0,0.0,0.0,train
2021-06-04,,,2,1009,0.0,0.0,0.0,train
2021-06-05,,,3,989,1.0,0.0,0.0,train
2021-06-06,,,4,947,1.0,0.0,0.0,train
2021-06-07,,,7,975,3.0,0.0,0.0,train
2021-06-08,,,7,979,0.0,0.0,0.0,train
2021-06-09,,,7,993,0.0,0.0,0.0,train
2021-06-10,,,7,1000,0.0,0.0,0.0,train
2021-06-11,,,8,1028,1.0,0.0,0.0,train
2021-06-12,,,8,1148,0.0,0.0,0.0,train
2021-06-13,,,9,1127,1.0,0.0,0.0,train
2021-06-14,,,12,1117,4.0,1.0,0.0,train
2021-06-15,,,25,922,13.0,0.0,0.0,train
2021-06-16,,,28,1042,3.0,0.0,0.0,train
2021-06-17,,,32,963,4.0,0.0,0.0,train
2021-06-18,,,35,911,3.0,0.0,0.0,train
2021-06-19,,,41,1120,7.0,1.0,0.0,train
2021-06-20,,,43,1214,2.0,0.0,0.0,train
2021-06-21,,,45,1471,2.0,0.0,0.0,train
2021-06-22,,,44,1629,0.0,1.0,0.0,train
2021-06-23,,,44,1629,0.0,0.0,0.0,train
2021-06-24,,,45,1878,1.0,0.0,0.0,train
2021-06-25,,,45,1906,1.0,1.0,0.0,train
2021-06-26,,,45,2009,0.0,0.0,0.0,train
2021-06-27,,,43,2039,0.0,2.0,0.0,train
2021-06-28,,,44,2049,1.0,0.0,0.0,train
2021-06-29,,,44,2048,0.0,0.0,0.0,train
2021-06-30,,,41,2038,0.0,3.0,0.0,train
2021-07-01,,,39,2037,0.0,2.0,0.0,train
2021-07-02,,,37,2032,0.0,2.0,0.0,train
2021-07-03,,,36,2027,0.0,1.0,0.0,train
2021-07-04,,,35,1929,0.0,1.0,0.0,train
2021-07-05,,,32,1829,0.0,3.0,0.0,train
2021-07-06,,,28,1602,0.0,4.0,0.0,train
2021-07-07,,,20,1207,0.0,8.0,0.0,train
2021-07-08,,,18,616,0.0,2.0,0.0,train
2021-07-09,,,18,288,0.0,0.0,0.0,train
2021-07-10,,,15,150,0.0,3.0,0.0,train
2021-07-11,,,15,10,0.0,0.0,0.0,train
2021-07-12,,,15,7,0.0,0.0,0.0,train
2021-07-13,,,9,7,0.0,6.0,0.0,train
2021-07-14,,,7,7,0.0,2.0,0.0,train
2021-07-15,,,7,5,0.0,0.0,0.0,train
2021-07-16,,,5,7,0.0,2.0,0.0,train
2021-07-17,,,3,7,0.0,2.0,0.0,train
2021-07-18,,,5,7,3.0,1.0,0.0,train
2021-07-19,,,5,3,1.0,1.0,0.0,train
2021-07-20,,,4,45,0.0,1.0,0.0,train
2021-07-21,,,5,44,1.0,0.0,0.0,train
2021-07-22,,,6,49,1.0,0.0,0.0,train
2021-07-23,,,6,66,0.0,0.0,0.0,train
2021-07-24,,,6,66,0.0,0.0,0.0,train
2021-07-25,,,7,66,2.0,1.0,0.0,train
2021-07-26,,,7,66,0.0,0.0,0.0,train
2021-07-27,,,7,162,0.0,0.0,0.0,train
2021-07-28,,,6,169,0.0,1.0,0.0,train
2021-07-29,,,6,175,0.0,0.0,0.0,train
2021-07-30,,,6,180,0.0,0.0,0.0,train
2021-07-31,,,7,195,1.0,0.0,0.0,train
2021-08-01,,,7,199,0.0,0.0,0.0,train
2021-08-02,,,7,208,0.0,0.0,0.0,train
2021-08-03,,,6,244,0.0,1.0,0.0,train
2021-08-04,,,6,279,0.0,0.0,0.0,train
2021-08-05,,,7,294,1.0,0.0,0.0,train
2021-08-06,,,6,337,0.0,1.0,0.0,train
2021-08-07,,,5,189,0.0,1.0,0.0,train
2021-08-08,,,7,166,2.0,0.0,0.0,train
2021-08-09,,,7,156,0.0,0.0,0.0,train
2021-08-10,,,7,136,0.0,0.0,0.0,train
2021-08-11,,,8,113,1.0,0.0,0.0,train
2021-08-12,,,10,105,2.0,0.0,0.0,train
2021-08-13,,,10,221,0.0,0.0,0.0,train
2021-08-14,,,5,219,0.0,5.0,0.0,train
2021-08-15,,,5,218,0.0,0.0,0.0,train
2021-08-16,,,5,215,0.0,0.0,0.0,train
2021-08-17,,,3,211,0.0,2.0,0.0,train
2021-08-18,,,3,237,0.0,0.0,0.0,train
2021-08-19,,,3,229,0.0,0.0,0.0,train
2021-08-20,,,3,230,0.0,0.0,0.0,train
2021-08-21,,,4,247,1.0,0.0,0.0,train
2021-08-22,,,5,248,1.0,0.0,0.0,train
2021-08-23,,,5,301,0.0,0.0,0.0,train
2021-08-24,,,5,299,0.0,0.0,0.0,train
2021-08-25,,,6,299,1.0,0.0,0.0,train
2021-08-26,,,7,265,1.0,0.0,0.0,train
2021-08-27,,,7,260,0.0,0.0,0.0,train
2021-08-28,,,6,273,0.0,1.0,0.0,train
2021-08-29,,,6,326,1.0,1.0,0.0,train
2021-08-30,,,5,309,0.0,1.0,0.0,train
2021-08-31,,,5,446,0.0,0.0,0.0,train
2021-09-01,,,6,436,1.0,0.0,0.0,train
2021-09-02,,,6,322,0.0,0.0,0.0,train
2021-09-03,,,6,321,0.0,0.0,0.0,train
2021-09-04,,,7,269,1.0,0.0,0.0,train
2021-09-05,,,6,269,0.0,1.0,0.0,train
2021-09-06,,,6,393,0.0,0.0,0.0,train
2021-09-07,,,6,403,0.0,0.0,0.0,train
2021-09-08,,,6,338,0.0,0.0,0.0,train
2021-09-09,,,6,336,0.0,0.0,0.0,train
2021-09-10,,,6,397,0.0,0.0,0.0,train
2021-09-11,,,6,445,0.0,0.0,0.0,train
2021-09-12,,,5,445,0.0,1.0,0.0,train
2021-09-13,,,6,445,1.0,0.0,0.0,train
2021-09-14,,,6,453,1.0,1.0,0.0,train
2021-09-15,,,6,392,0.0,0.0,0.0,train
2021-09-16,,,5,342,0.0,1.0,0.0,train
2021-09-17,,,6,323,1.0,0.0,0.0,train
2021-09-18,,,6,305,0.0,0.0,0.0,train
2021-09-19,,,6,305,0.0,0.0,0.0,train
2021-09-20,,,6,301,0.0,0.0,0.0,train
2021-09-21,,,7,267,1.0,0.0,0.0,train
2021-09-22,,,6,281,0.0,1.0,0.0,train
2021-09-23,,,5,282,0.0,1.0,0.0,train
2021-09-24,,,6,283,1.0,0.0,0.0,train
2021-09-25,,,5,152,0.0,1.0,0.0,train
2021-09-26,,,5,152,0.0,0.0,0.0,train
2021-09-27,,,5,152,0.0,0.0,0.0,train
2021-09-28,,,5,153,0.0,0.0,0.0,train
2021-09-29,,,5,154,0.0,0.0,0.0,train
2021-09-30,,,5,106,0.0,0.0,0.0,train
2021-10-01,,,5,102,0.0,0.0,0.0,train
2021-10-02,,,4,104,0.0,1.0,0.0,train
2021-10-03,,,4,104,1.0,1.0,0.0,train
2021-10-04,,,4,106,0.0,0.0,0.0,train
2021-10-05,,,4,104,0.0,0.0,0.0,train
2021-10-06,,,4,104,0.0,0.0,0.0,train
2021-10-07,,,3,104,0.0,1.0,0.0,train
2021-10-08,,,3,103,0.0,0.0,0.0,train
2021-10-09,,,3,104,0.0,0.0,0.0,train
2021-10-10,,,2,66,0.0,1.0,0.0,train
2021-10-11,,,1,65,0.0,1.0,0.0,train
2021-10-12,,,2,72,1.0,0.0,0.0,train
2021-10-13,,,2,69,0.0,0.0,0.0,train
2021-10-14,,,2,70,0.0,0.0,0.0,train
2021-10-15,,,2,116,0.0,0.0,0.0,train
2021-10-16,,,2,106,0.0,0.0,0.0,train
2021-10-17,,,2,106,0.0,0.0,0.0,train
2021-10-18,,,2,106,0.0,0.0,0.0,train
2021-10-19,,,1,120,0.0,1.0,0.0,train
2021-10-20,,,1,118,0.0,0.0,0.0,train
2021-10-21,,,2,120,1.0,0.0,0.0,train
2021-10-22,,,2,189,0.0,0.0,0.0,train
2021-10-23,,,2,194,0.0,0.0,0.0,train
2021-10-24,,,2,199,0.0,0.0,0.0,train
2021-10-25,,,4,200,2.0,0.0,0.0,train
2021-10-26,,,4,201,0.0,0.0,0.0,train
2021-10-27,,,4,205,0.0,0.0,0.0,train
2021-10-28,,,4,191,0.0,0.0,0.0,train
2021-10-29,,,5,179,1.0,0.0,0.0,train
2021-10-30,,,5,205,0.0,0.0,0.0,train
2021-10-31,,,5,128,0.0,0.0,0.0,train
2021-11-01,,,5,146,0.0,0.0,0.0,train
2021-11-02,,,5,142,0.0,0.0,0.0,train
2021-11-03,,,5,139,0.0,0.0,0.0,train
2021-11-04,,,5,139,0.0,0.0,0.0,train
2021-11-05,,,4,156,0.0,1.0,0.0,train
2021-11-06,,,3,155,0.0,1.0,0.0,train
2021-11-07,,,3,154,0.0,0.0,0.0,train
2021-11-08,,,3,156,0.0,0.0,0.0,train
2021-11-09,,,1,155,0.0,2.0,0.0,train
2021-11-10,,,1,118,0.0,0.0,0.0,train
2021-11-11,,,2,53,1.0,0.0,0.0,train
2021-11-12,,,2,53,0.0,0.0,0.0,train
2021-11-13,,,2,51,0.0,0.0,0.0,train
2021-11-14,,,2,52,0.0,1.0,0.0,train
2021-11-15,,,1,52,0.0,0.0,0.0,train
2021-11-16,,,1,52,0.0,0.0,0.0,train
2021-11-17,,,2,98,1.0,0.0,0.0,train
2021-11-18,,,3,98,1.0,0.0,0.0,train
2021-11-19,,,3,134,0.0,0.0,0.0,train
2021-11-20,,,3,259,0.0,0.0,0.0,train
2021-11-21,,,3,259,0.0,0.0,0.0,train
2021-11-22,,,3,259,0.0,0.0,0.0,train
2021-11-23,,,3,133,0.0,0.0,0.0,train
2021-11-24,,,5,85,2.0,0.0,0.0,train
2021-11-25,,,5,83,0.0,0.0,0.0,train
2021-11-26,,,5,92,0.0,0.0,0.0,train
2021-11-27,,,5,144,0.0,0.0,0.0,train
2021-11-28,,,4,144,0.0,1.0,0.0,train
2021-11-29,,,4,123,0.0,0.0,0.0,train
2021-11-30,,,5,141,1.0,0.0,0.0,train
2021-12-01,,,6,154,1.0,0.0,0.0,train
2021-12-02,,,6,150,0.0,0.0,0.0,train
2021-12-03,,,6,147,0.0,0.0,0.0,train
2021-12-04,,,6,148,0.0,0.0,0.0,train
2021-12-05,,,6,126,0.0,0.0,0.0,train
2021-12-06,,,6,121,0.0,0.0,0.0,train
2021-12-07,,,6,114,0.0,0.0,0.0,train
2021-12-08,,,5,125,0.0,1.0,0.0,train
2021-12-09,,,5,129,0.0,0.0,0.0,train
2021-12-10,,,5,130,0.0,0.0,0.0,train
2021-12-11,,,5,129,0.0,0.0,0.0,train
2021-12-12,,,5,63,0.0,0.0,0.0,train
2021-12-13,,,5,65,0.0,0.0,0.0,train
2021-12-14,,,5,125,0.0,0.0,0.0,train
2021-12-15,,,4,134,0.0,1.0,0.0,train
2021-12-16,,,5,103,1.0,0.0,0.0,train
2021-12-17,,,7,214,2.0,0.0,0.0,train
2021-12-18,,,8,187,1.0,0.0,0.0,train
2021-12-19,,,8,177,0.0,0.0,0.0,train
2021-12-20,,,7,180,0.0,1.0,0.0,train
2021-12-21,,,6,180,0.0,1.0,0.0,train
2021-12-22,,,7,188,1.0,0.0,0.0,train
2021-12-23,,,7,188,0.0,0.0,0.0,train
2021-12-24,,,12,333,5.0,0.0,0.0,train
2021-12-25,,,12,333,0.0,0.0,0.0,train
2021-12-26,,,12,320,0.0,0.0,0.0,train
2021-12-27,,,11,324,0.0,1.0,0.0,train
2021-12-28,,,11,320,0.0,0.0,0.0,train
2021-12-29,,,10,320,0.0,1.0,0.0,train
2021-12-30,,,11,193,1.0,0.0,0.0,train
2021-12-31,,,16,187,5.0,0.0,0.0,train
2022-01-01,,,16,244,1.0,1.0,0.0,train
2022-01-02,,,16,244,0.0,0.0,0.0,train
2022-01-03,,,18,428,4.0,2.0,0.0,train
2022-01-04,,,19,425,1.0,0.0,0.0,train
2022-01-05,,,19,422,1.0,1.0,0.0,train
2022-01-06,,,19,320,0.0,0.0,0.0,train
2022-01-07,,,21,388,2.0,0.0,0.0,train
2022-01-08,,,23,666,2.0,0.0,0.0,train
2022-01-09,,,24,1263,2.0,1.0,0.0,train
2022-01-10,,,24,1892,0.0,0.0,0.0,train
2022-01-11,,,31,2312,7.0,0.0,0.0,train
2022-01-12,,,33,2480,2.0,0.0,0.0,train
2022-01-13,,,34,2863,1.0,0.0,0.0,train
2022-01-14,,,37,4427,3.0,0.0,0.0,train
2022-01-15,,,36,5439,0.0,1.0,0.0,train
2022-01-16,,,37,5770,2.0,1.0,0.0,train
2022-01-17,,,35,6013,1.0,3.0,0.0,train
2022-01-18,,,33,6262,1.0,3.0,0.0,train
2022-01-19,,,32,6024,0.0,1.0,0.0,train
2022-01-20,,,33,5426,3.0,0.0,0.0,train
2022-01-21,,,33,4379,0.0,2.0,0.0,train
2022-01-22,,,32,3277,1.0,2.0,0.0,train
2022-01-23,,,32,2868,0.0,0.0,0.0,train
2022-01-24,,,29,2345,1.0,4.0,0.0,train
2022-01-25,,,28,1504,0.0,1.0,0.0,train
2022-01-26,,,28,1128,1.0,1.0,0.0,train
2022-01-27,,,27,940,0.0,1.0,0.0,train
2022-01-28,,,27,719,2.0,2.0,0.0,train
2022-01-29,,,27,427,0.0,0.0,0.0,train
2022-01-30,,,26,386,0.0,1.0,0.0,train
2022-01-31,,,29,325,5.0,2.0,0.0,train
2022-02-01,,,27,899,2.0,4.0,0.0,train
2022-02-02,,,30,1426,4.0,1.0,0.0,train
2022-02-03,,,32,2229,4.0,2.0,0.0,train
2022-02-04,,,34,3110,2.0,0.0,0.0,train
2022-02-05,,,31,3823,1.0,4.0,0.0,train
2022-02-06,,,32,4457,3.0,2.0,0.0,train
2022-02-07,,,34,4961,2.0,0.0,0.0,train
2022-02-08,,,40,5324,7.0,1.0,0.0,train
2022-02-09,,,41,5808,1.0,0.0,0.0,train
2022-02-10,,,43,5683,4.0,2.0,0.0,train
2022-02-11,,,53,5860,13.0,3.0,0.0,train
2022-02-12,,,62,4304,10.0,1.0,0.0,train
2022-02-13,,,70,4595,9.0,1.0,0.0,train
2022-02-14,,,75,3765,7.0,2.0,0.0,train
2022-02-15,,,85,2979,11.0,1.0,0.0,train
2022-02-16,,,95,2804,10.0,0.0,0.0,train
2022-02-17,,,100,3776,6.0,1.0,0.0,train
2022-02-18,,,111,4223,14.0,3.0,0.0,train
2022-02-19,,,131,5503,21.0,1.0,0.0,train
2022-02-20,,,143,6455,14.0,2.0,0.0,train
2022-02-21,,,157,6944,14.0,0.0,0.0,train
2022-02-22,,,180,7735,24.0,1.0,0.0,train
2022-02-23,,,206,8545,28.0,2.0,0.0,train
2022-02-24,,,228,8762,24.0,2.0,0.0,train
2022-02-25,,,261,9828,35.0,2.0,0.0,train
2022-02-26,,,288,,31.0,4.0,0.0,train
2022-02-27,,,346,,58.0,0.0,0.0,train
2022-02-28,,,399,,54.0,1.0,0.0,train
2022-03-01,,,480,,81.0,0.0,0.0,train
2022-03-02,,,537,,60.0,3.0,0.0,train
2022-03-03,,,648,,118.0,7.0,0.0,train
2022-03-04,,,731,,82.0,2.0,0.0,train
2022-03-05,,,801,,77.0,6.0,0.0,train
2022-03-06,,,845,,53.0,9.0,0.0,train
2022-03-07,,,888,,1.0,7.0,0.0,train
2022-03-08,,,910,,80.0,9.0,0.0,train
2022-03-09,,,941,,35.0,5.0,0.0,train
2022-03-10,,,979,,45.0,7.0,0.0,train
2022-03-11,,,1017,,48.0,10.0,0.0,train
2022-03-12,,,1082,,77.0,12.0,0.0,train
2022-03-13,,,1167,,101.0,16.0,0.0,train
2022-03-14,,,1212,,54.0,9.0,0.0,train
2022-03-15,,,1256,,69.0,25.0,0.0,train
2022-03-16,,,1286,,83.0,53.0,0.0,train
2022-03-17,,,1157,,77.0,206.0,0.0,train
2022-03-18,,,1069,,56.0,144.0,0.0,train
2022-03-19,,,1056,,69.0,82.0,0.0,train
2022-03-20,,,1007,,36.0,85.0,0.0,train
2022-03-21,,,952,,24.0,79.0,0.0,train
2022-03-22,,,855,,16.0,113.0,0.0,train
2022-03-23,,,835,,9.0,29.0,0.0,train
2022-03-24,,,775,,7.0,67.0,0.0,train
2022-03-25,,,732,,4.0,47.0,0.0,train
2022-03-26,,,678,,2.0,56.0,0.0,train
2022-03-27,,,632,,2.0,48.0,0.0,train
2022-03-28,,,573,,5.0,64.0,0.0,train
2022-03-29,,,506,,5.0,75.0,0.0,train
2022-03-30,,,452,,8.0,62.0,0.0,train
2022-03-31,,,382,,0.0,70.0,0.0,train
2022-04-01,,,322,,0.0,60.0,0.0,train
2022-04-02,,,267,,5.0,60.0,0.0,train
2022-04-03,,,194,,3.0,76.0,0.0,train
2022-04-04,,,140,,2.0,56.0,0.0,train
2022-04-05,,,101,,2.0,41.0,0.0,train
2022-04-06,,,80,,0.0,21.0,0.0,train
2022-04-07,,,72,,2.0,10.0,0.0,train
2022-04-08,,,63,,2.0,11.0,0.0,train
2022-04-09,,,52,,2.0,13.0,0.0,train
2022-04-10,,,43,,1.0,10.0,0.0,train
2022-04-11,,,38,,0.0,5.0,0.0,train
2022-04-12,,,30,,4.0,12.0,0.0,train
2022-04-13,,,36,,9.0,3.0,0.0,train
2022-04-14,,,36,,3.0,3.0,0.0,train
2022-04-15,,,35,,3.0,4.0,0.0,train
2022-04-16,,,39,,8.0,4.0,0.0,train
2022-04-17,,,39,,3.0,3.0,0.0,train
2022-04-18,,,40,,3.0,2.0,0.0,train
2022-04-19,,,39,,1.0,2.0,0.0,train
2022-04-20,,,37,,0.0,2.0,0.0,train
2022-04-21,,,34,,0.0,3.0,0.0,train
2022-04-22,,,28,,1.0,7.0,0.0,train
2022-04-23,,,24,,0.0,4.0,0.0,train
2022-04-24,,,22,,1.0,3.0,0.0,train
2022-04-25,,,22,,1.0,1.0,0.0,train
2022-04-26,,,21,,0.0,1.0,0.0,train
2022-04-27,,,15,,0.0,8.0,0.0,train
2022-04-28,,,14,,0.0,1.0,0.0,train
2022-04-29,,,13,,1.0,2.0,0.0,train
2022-04-30,,,12,,0.0,1.0,0.0,train
2022-05-01,,,,,,,,test1
2022-05-02,,,,,,,,test1
2022-05-03,,,,,,,,test1
2022-05-04,,,,,,,,test1
2022-05-05,,,,,,,,test1
2022-05-06,,,,,,,,test1
2022-05-07,,,,,,,,test1
2022-05-08,,,2,,0.0,0.0,0.0,train
2022-05-09,,,3,,1.0,0.0,0.0,train
2022-05-10,,,3,,0.0,0.0,0.0,train
2022-05-11,,,3,,0.0,0.0,0.0,train
2022-05-12,,,3,,0.0,0.0,0.0,train
2022-05-13,,,3,,0.0,0.0,0.0,train
2022-05-14,,,3,,0.0,0.0,0.0,train
2022-05-15,,,4,,1.0,0.0,0.0,train
2022-05-16,,,4,,0.0,0.0,0.0,train
2022-05-17,,,3,,0.0,1.0,0.0,train
2022-05-18,,,4,,1.0,0.0,0.0,train
2022-05-19,,,3,,0.0,1.0,0.0,train
2022-05-20,,,3,,0.0,0.0,0.0,train
2022-05-21,,,3,,0.0,0.0,0.0,train
2022-05-22,,,4,,1.0,0.0,0.0,train
2022-05-23,,,4,,0.0,0.0,0.0,train
2022-05-24,,,5,,1.0,0.0,0.0,train
2022-05-25,,,5,,0.0,0.0,0.0,train
2022-05-26,,,5,,1.0,1.0,0.0,train
2022-05-27,,,4,,0.0,1.0,0.0,train
2022-05-28,,,5,,1.0,0.0,0.0,train
2022-05-29,,,6,,2.0,1.0,0.0,train
2022-05-30,,,7,,1.0,0.0,0.0,train
2022-05-31,,,7,,0.0,0.0,0.0,train
2022-06-01,,,,,,,,test2
2022-06-02,,,,,,,,test2
2022-06-03,,,,,,,,test2
2022-06-04,,,,,,,,test2
2022-06-05,,,,,,,,test2
2022-06-06,,,,,,,,test2
2022-06-07,,,,,,,,test2
2022-06-08,,,7,,1.0,0.0,0.0,train
2022-06-09,,,7,,1.0,1.0,0.0,train
2022-06-10,,,7,,0.0,0.0,0.0,train
2022-06-11,,,7,,0.0,0.0,0.0,train
2022-06-12,,,6,,0.0,1.0,0.0,train
2022-06-13,,,5,,0.0,1.0,0.0,train
2022-06-14,,,5,,0.0,0.0,0.0,train
2022-06-15,,,4,,0.0,1.0,0.0,train
2022-06-16,,,5,,2.0,1.0,0.0,train
2022-06-17,,,4,,0.0,1.0,0.0,train
2022-06-18,,,5,,1.0,0.0,0.0,train
2022-06-19,,,5,,0.0,0.0,0.0,train
2022-06-20,,,5,,1.0,1.0,0.0,train
2022-06-21,,,5,,0.0,0.0,0.0,train
2022-06-22,,,5,,0.0,0.0,0.0,train
2022-06-23,,,5,,1.0,1.0,0.0,train
2022-06-24,,,10,,5.0,0.0,0.0,train
2022-06-25,,,10,,0.0,0.0,0.0,train
2022-06-26,,,10,,0.0,0.0,0.0,train
2022-06-27,,,10,,1.0,1.0,0.0,train
2022-06-28,,,10,,1.0,1.0,0.0,train
2022-06-29,,,13,,3.0,0.0,0.0,train
2022-06-30,,,12,,0.0,1.0,0.0,train
2022-07-01,,,12,,1.0,1.0,0.0,train
2022-07-02,,,13,,1.0,0.0,0.0,train
2022-07-03,,,13,,0.0,0.0,0.0,train
2022-07-04,,,14,,1.0,0.0,0.0,train
2022-07-05,,,18,,4.0,0.0,0.0,train
2022-07-06,,,21,,4.0,1.0,0.0,train
2022-07-07,,,28,,10.0,3.0,0.0,train
2022-07-08,,,34,,7.0,1.0,0.0,train
2022-07-09,,,39,,6.0,1.0,0.0,train
2022-07-10,,,43,,7.0,3.0,0.0,train
2022-07-11,,,48,,8.0,3.0,0.0,train
2022-07-12,,,47,,6.0,7.0,0.0,train
2022-07-13,,,54,,9.0,2.0,0.0,train
2022-07-14,,,50,,5.0,9.0,0.0,train
2022-07-15,,,54,,5.0,1.0,0.0,train
2022-07-16,,,49,,4.0,9.0,0.0,train
2022-07-17,,,58,,13.0,4.0,0.0,train
2022-07-18,,,51,,6.0,13.0,0.0,train
2022-07-19,,,65,,18.0,4.0,0.0,train
2022-07-20,,,85,,20.0,0.0,0.0,train
2022-07-21,,,,,,,,test3
2022-07-22,,,,,,,,test3
2022-07-23,,,,,,,,test3
2022-07-24,,,,,,,,test3
2022-07-25,,,,,,,,test3
2022-07-26,,,,,,,,test3
2022-07-27,,,,,,,,test3
2022-07-28,,,164,,9.0,14.0,0.0,train
2022-07-29,,,159,,4.0,9.0,0.0,train
2022-07-30,,,151,,5.0,13.0,0.0,train
2022-07-31,,,152,,11.0,10.0,0.0,train
2022-08-01,,,138,,12.0,26.0,0.0,train
2022-08-02,,,138,,15.0,15.0,0.0,train
2022-08-03,,,135,,16.0,19.0,0.0,train
2022-08-04,,,128,,7.0,14.0,0.0,train
2022-08-05,,,100,,5.0,33.0,0.0,train
2022-08-06,,,104,,11.0,7.0,0.0,train
2022-08-07,,,103,,14.0,15.0,0.0,train
2022-08-08,,,98,,8.0,13.0,0.0,train
2022-08-09,,,89,,2.0,11.0,0.0,train
2022-08-10,,,90,,7.0,6.0,0.0,train
2022-08-11,,,84,,3.0,9.0,0.0,train
2022-08-12,,,81,,7.0,10.0,0.0,train
2022-08-13,,,76,,7.0,12.0,0.0,train
2022-08-14,,,77,,10.0,9.0,0.0,train
2022-08-15,,,68,,1.0,10.0,0.0,train
2022-08-16,,,66,,6.0,8.0,0.0,train
2022-08-17,,,65,,5.0,6.0,0.0,train
2022-08-18,,,65,,5.0,5.0,0.0,train
2022-08-19,,,64,,5.0,6.0,0.0,train
2022-08-20,,,63,,5.0,6.0,0.0,train
2022-08-21,,,,,,,,test4
2022-08-22,,,,,,,,test4
2022-08-23,,,,,,,,test4
2022-08-24,,,,,,,,test4
2022-08-25,,,,,,,,test4
2022-08-26,,,,,,,,test4
2022-08-27,,,,,,,,test4
